ID,Đại lý,Tên viết tắt,Phân loại đại lý,Đại lý mẹ,Tỉnh/Thành phố,Quận huyện,Địa chỉ,Quản lý,Có hiệu lực/Vô hiệu lực
1,CÔNG TY TNHH GAS PHÚ LỢI,ĐL-001CÔNG TY TNHH GAS PHÚ LỢI,Đại lý tổng,,Tỉnh Bình Dương,Thành phố Thủ Dầu Một,"656/39  Khu tái định cư Phú Hòa, KP.9, Phường Phú Hòa",salesbd,Có hiệu lực
2,CÔNG TY TRÁCH NHIỆM HỮU HẠN GAS TÂN BÌNH,ĐL-002CÔNG TY TRÁCH NHIỆM HỮU HẠN GAS TÂN BÌNH,Đại lý tổng,,Tỉnh Bình Phước,Thành phố Đồng Xoài,"Tổ 2, KP Tân BÌnh, Phường Tân Bình",,Có hiệu lực
3,CÔNG TY TNHH DẦU KHÍ ĐÔNG HÒA,ĐL-003CÔNG TY TNHH DẦU KHÍ ĐÔNG HÒA,Đại lý tổng,,Tỉnh Bình Dương,Thành phố Dĩ An,"SỐ 3/11, KP.Tân Hòa, P.Đông Hòa",,Có hiệu lực
4,CÔNG TY TNHH MỘT THÀNH VIÊN THƯƠNG MẠI - DỊCH VỤ VĂN THANH,ĐL-004CÔNG TY TNHH MỘT THÀNH VIÊN THƯƠNG MẠI - DỊCH VỤ VĂN THANH,Đại lý tổng,,Tỉnh Bình Dương,Thị xã Bến Cát,"Số 110, Đường DT 744 , ấp An Thanh , Xã An Tây",salesbd,Có hiệu lực
5,Công ty TNHH Một Thành Viên Gas Mỹ Phước,ĐL-005Công ty TNHH Một Thành Viên Gas Mỹ Phước,Đại lý tổng,,Tỉnh Bình Dương,Thị xã Bến Cát,"Số 547, KP 1, KP.Mỹ Phước",salesbd,Có hiệu lực
6,CÔNG TY TRÁCH NHIỆM HỮU HẠN DẦU KHÍ NAM BÌNH DƯƠNG,ĐL-006CÔNG TY TRÁCH NHIỆM HỮU HẠN DẦU KHÍ NAM BÌNH DƯƠNG,Đại lý tổng,,Tỉnh Bình Dương,Thành phố Thủ Dầu Một,"Số 150B7, Trần Bình Trọng, Phường Phú Thọ",,Có hiệu lực
7,Công Ty TNHH TM Sản Xuất Trường An Vinh,ĐL-007Công Ty TNHH TM Sản Xuất Trường An Vinh,Đại lý tổng,,Thành phố Hồ Chí Minh,Huyện Bình Chánh,"F11/11 Võ Hữu Lợi, Tổ 11, ấp 6, Xã Lê Minh Xuân",saleshcm,Có hiệu lực
8,Cửa Hàng Bán Lẻ LPG Chai Kim Thoa,ĐL-008Cửa Hàng Bán Lẻ LPG Chai Kim Thoa,Đại lý tổng,,Thành phố Hồ Chí Minh,Quận 12,"596 Tô Ký, Tổ 25, Phường Tân Chánh Hiệp  ",,Có hiệu lực
9,Cửa Hàng Bán Lẻ LPG Chai Minh Hùng,ĐL-009Cửa Hàng Bán Lẻ LPG Chai Minh Hùng,Đại lý tổng,,Thành phố Hồ Chí Minh,Quận Bình Tân,"522 Hương Lộ 2 , KP.2, P.Bình Trị Đông",,Có hiệu lực
10,Cửa Hàng Bán Lẻ LPG Chai Anh Quang,ĐL-010Cửa Hàng Bán Lẻ LPG Chai Anh Quang,Đại lý tổng,,Thành phố Hồ Chí Minh,Quận 7,"7/6 Đường số 15, P.Tân Kiểng ",,Có hiệu lực
11,Cửa Hàng Bán Lẻ LPG Chai Phú Hưng,ĐL-011Cửa Hàng Bán Lẻ LPG Chai Phú Hưng,Đại lý tổng,,Thành phố Hồ Chí Minh,Huyện Nhà Bè,"510B Huỳnh Tấn Phát, âp 3, Xã Phú Xuân,",saleshcm,Có hiệu lực
12,Cửa Hàng Bán Lẻ LPG Chai Kim Hồng,ĐL-012Cửa Hàng Bán Lẻ LPG Chai Kim Hồng,Đại lý tổng,,Thành phố Hồ Chí Minh,Quận 4,"92 B/2A Tôn Thất Thuyết , Phường 16",,Có hiệu lực
13,Cửa Hàng Bán Lẻ LPG Chai Trần Văn Bông ( Gas 48),ĐL-013Cửa Hàng Bán Lẻ LPG Chai Trần Văn Bông ( Gas 48),Đại lý tổng,,Thành phố Hồ Chí Minh,Quận 8,"48 Liên Tỉnh 5, Phường 6",,Có hiệu lực
14,Cửa Hàng Bán Lẻ LPG Chai Gas Anh Quân Petro,ĐL-014Cửa Hàng Bán Lẻ LPG Chai Gas Anh Quân Petro,Đại lý tổng,,Tỉnh Bình Dương,Thành phố Thuận An,"T1/16M , KP Bình Thuận 2, P. Thuận Giao",salesbd,Có hiệu lực
15,Cửa Hàng Bán Lẻ LPG Chai Gas Dũng,ĐL-015Cửa Hàng Bán Lẻ LPG Chai Gas Dũng,Đại lý tổng,,Tỉnh Bình Dương,Thành phố Dĩ An,"67/13 KP. Tân Hòa, ",,Có hiệu lực
16,Công Ty TNHHH MTV Điện Tử M.C.P,ĐL-016Công Ty TNHHH MTV Điện Tử M.C.P,Đại lý tổng,,Tỉnh Bình Dương,Thành phố Thuận An,"D 4/4B, tổ 7, khu phố Bình Thuận 2, Phường Thuận Giao",,Có hiệu lực
17,Cửa Hàng Bán Lẻ LPG Chai Phương Quang A,ĐL-017Cửa Hàng Bán Lẻ LPG Chai Phương Quang A,Đại lý tổng,,Thành phố Hồ Chí Minh,Thành phố Thủ Đức,"52/2C Gò Cát, KP.4, Phường Phú Hữu ",,Có hiệu lực
18,Công Ty TNHH Tân Duy Sâm,ĐL-018Công Ty TNHH Tân Duy Sâm,Đại lý thứ 2,CÔNG TY TNHH THƯƠNG MẠI GAS QUỲNH LAM,Thành phố Hồ Chí Minh,Quận 11,"149 Trần Quý, Phường 4",salesbd,Có hiệu lực
19,Cửa Hàng Bán Lẻ LPG Chai Trương Văn Tú,ĐL-019Cửa Hàng Bán Lẻ LPG Chai Trương Văn Tú,Đại lý tổng,,Tỉnh Long An,Huyện Cần Đước,"Số nhà 29K11, ấp 4, xã Phước Vân",,Có hiệu lực
20,Công Ty TNHH Phân Phối Gas Tuấn Kiệt,ĐL-020Công Ty TNHH Phân Phối Gas Tuấn Kiệt,Đại lý tổng,,Thành phố Hồ Chí Minh,Thành phố Thủ Đức,"118 Cầu Xây, P. Tân Phú",,Có hiệu lực
21,Công Ty TNHH Một Thành Viên Thiên Nam,ĐL-021Công Ty TNHH Một Thành Viên Thiên Nam,Đại lý tổng,,Thành phố Hồ Chí Minh,Quận 7,"355 Đào Trí , KP.3, P.Phú Thuận",,Có hiệu lực
22,CÔNG TY TNHH MỘT THÀNH VIÊN DẦU KHÍ QUỐC ĐẠT,ĐL-022CÔNG TY TNHH MỘT THÀNH VIÊN DẦU KHÍ QUỐC ĐẠT,Đại lý tổng,,Thành phố Hồ Chí Minh,Quận 11,"170 Công Chúa Ngọc Hân, Phường 12",,Có hiệu lực
23,CÔNG TY TNHH MỘT THÀNH VIÊN GAS CẨM XƯƠNG,ĐL-023CÔNG TY TNHH MỘT THÀNH VIÊN GAS CẨM XƯƠNG,Đại lý tổng,,Thành phố Hồ Chí Minh,Quận 11,"152/36/2 Lạc Long Quân, Phường 3",,Có hiệu lực
24,Cửa Hàng Bán Lẻ LPG Chai Gas Ba Hùng,ĐL-024Cửa Hàng Bán Lẻ LPG Chai Gas Ba Hùng,Đại lý tổng,,Thành phố Hồ Chí Minh,Thành phố Thủ Đức,"Số 122 A Đường số 8, KP.3, P.Linh Xuân",,Có hiệu lực
25,Cửa Hàng Bán Lẻ LPG Chai Gas Tuấn Anh,ĐL-025Cửa Hàng Bán Lẻ LPG Chai Gas Tuấn Anh,Đại lý tổng,,Tỉnh Bình Dương,Thành phố Thuận An,"30D/3D Kp Bình Đáng, Phường Bình Hòa ",,Có hiệu lực
26,Cửa Hàng Bán Lẻ LPG Chai Đăng Khoa,ĐL-026Cửa Hàng Bán Lẻ LPG Chai Đăng Khoa,Đại lý tổng,,Thành phố Hồ Chí Minh,Quận Gò Vấp,450 Phan Huy ích P.12 - Phường 12,,Có hiệu lực
27,Cửa Hàng Bán Lẻ LPG Chai Bùi Anh Tuấn ( Gas Đông Tuấn ),ĐL-027Cửa Hàng Bán Lẻ LPG Chai Bùi Anh Tuấn ( Gas Đông Tuấn ),Đại lý tổng,,Thành phố Hồ Chí Minh,Huyện Hóc Môn,112 ấp Đông X.Thới Tam thôn - Xã Thới Tam Thôn ,,Có hiệu lực
28,Cửa Hàng Bán Lẻ LPG Chai Hòa An,ĐL-028Cửa Hàng Bán Lẻ LPG Chai Hòa An,Đại lý tổng,,Thành phố Hồ Chí Minh,Quận Gò Vấp,"79/862 Lê Đức Thọ, Phường 06",,Có hiệu lực
29,Cửa Hàng Bán Lẻ LPG Chai Minh Nguyệt,ĐL-029Cửa Hàng Bán Lẻ LPG Chai Minh Nguyệt,Đại lý tổng,,Thành phố Hồ Chí Minh,Quận Bình Thạnh,"117 Đinh Bộ Lĩnh, Phường 15",saleshcm,Có hiệu lực
30,Cửa Hàng Bán Lẻ LPG Chai Hoàng Sơn ,ĐL-030Cửa Hàng Bán Lẻ LPG Chai Hoàng Sơn ,Đại lý tổng,,Thành phố Hồ Chí Minh,Quận Bình Thạnh,253 Bùi Đình Tuý - Phường 24 ,,Có hiệu lực
31,Cửa Hàng Bán Lẻ LPG Chai Hoàng Yến,ĐL-031Cửa Hàng Bán Lẻ LPG Chai Hoàng Yến,Đại lý tổng,,Tỉnh Bình Dương,Thành phố Thuận An,"200, Thạnh Lợi , An Thạnh - Phường An Thạnh",,Có hiệu lực
32,CÔNG TY TNHH FAMILY SOUP,ĐL-033CÔNG TY TNHH FAMILY SOUP,Đại lý tổng,,Thành phố Hồ Chí Minh,Quận Bình Tân,"60/03/39 Đường số 5, Phường Bình Hưng Hòa",,Có hiệu lực
33,Cửa Hàng Bán Lẻ LPG Chai Phương Anh,ĐL-034Cửa Hàng Bán Lẻ LPG Chai Phương Anh,Đại lý tổng,,Tỉnh Bình Phước,Huyện Chơn Thành,"Tổ 3, Ấp 1, Xã Thành Tâm",salesbd,Có hiệu lực
34,CÔNG TY TNHH DẦU KHÍ PHÚ ĐỨC,ĐL-035CÔNG TY TNHH DẦU KHÍ PHÚ ĐỨC,Đại lý tổng,,Tỉnh Bình Phước,Thị xã Bình Long,"384 Nguyễn Huệ, Phường Phú Thịnh",,Có hiệu lực
35,CÔNG TY TNHH LƯƠNG THỰC THỰC PHẨM SỐ 1 BÌNH DƯƠNG,ĐL-036CÔNG TY TNHH LƯƠNG THỰC THỰC PHẨM SỐ 1 BÌNH DƯƠNG,Đại lý tổng,,Tỉnh Bình Dương,Thành phố Thủ Dầu Một,"Số A2E1.03 chung cư Becamex, Phường Hoà Phú",salesbd,Có hiệu lực
36,CÔNG TY TNHH POSCO VIỆT NAM HOLDINGS- CHI NHÁNH ĐỒNG NAI- VHPC,ĐL-037CÔNG TY TNHH POSCO VIỆT NAM HOLDINGS- CHI NHÁNH ĐỒNG NAI- VHPC,Đại lý tổng,,Tỉnh Đồng Nai,Huyện Nhơn Trạch,"KCN Nhơn Trạch 5, Xã Long Thọ",,Có hiệu lực
37,CÔNG TY TNHH THƯƠNG MẠI DẦU KHÍ THÀNH PHỐ HỒ CHÍ MINH,ĐL-038CÔNG TY TNHH THƯƠNG MẠI DẦU KHÍ THÀNH PHỐ HỒ CHÍ MINH,Đại lý tổng,,Thành phố Hồ Chí Minh,Thành phố Thủ Đức,"451 Long Phước, ấp Phước Hậu, Phường Long Phước ",,Có hiệu lực
38,Cửa Hàng Kinh Doanh Văn Tiến ,ĐL-039Cửa Hàng Kinh Doanh Văn Tiến ,Đại lý thứ 2,CÔNG TY TNHH DẦU KHÍ BẮC SÀI GÒN,Thành phố Hồ Chí Minh,Thành phố Thủ Đức,"23 Đường Einstein KP4 P.Bình Thọ, Phường Bình Thọ",saleshcm,Có hiệu lực
39,Cửa Hàng Bán Lẻ LPG Chai Đông Thành MP,ĐL-040 ĐÔNG THÀNH DB8 (MP2),Đại lý tổng,,Tỉnh Bình Dương,Thị xã Bến Cát,"Đất của ông Trương Công Trung, đường DB8, KP3",salesbd,Có hiệu lực
40,Cửa Hàng Bán Lẻ LPG Chai Gia Nguyên ,ĐL-041Cửa Hàng Bán Lẻ LPG Chai Gia Nguyên ,Đại lý tổng,,Tỉnh Bình Dương,Thành phố Thuận An,"Kiốt số 6, 6/1 Khu Phố 1A, Phường An Phú",salesbd,Có hiệu lực
41,CÔNG TY TNHH DẦU KHÍ ĐỒNG AN,ĐL-042CÔNG TY TNHH DẦU KHÍ ĐỒNG AN,Đại lý tổng,,Tỉnh Bình Dương,Thành phố Thuận An,"Số 7/4 Khu phố Đông , Phường Vĩnh Phú ",,Có hiệu lực
42,CÔNG TY TNHH CÔNG NGHIỆP TÂN HIỆP PHONG,ĐL-044CÔNG TY TNHH CÔNG NGHIỆP TÂN HIỆP PHONG,Đại lý tổng,,Tỉnh Bình Dương,Thành phố Dĩ An,"Số 12, đường DT743, khu công nghiệp Sóng Thần 2, Phường Dĩ An",,Có hiệu lực
43,CÔNG TY TNHH BIỂN MỘC,ĐL-045CÔNG TY TNHH BIỂN MỘC,Đại lý tổng,,Thành phố Hồ Chí Minh,Quận 1,"Số 15K Nguyễn Thị Minh Khai, Phường Bến Nghé",,Có hiệu lực
44,CÔNG TY TNHH MỘT THÀNH VIÊN ĐẦU TƯ THIẾT BỊ VĂN PHÒNG ĐẠI DƯƠNG XANH,ĐL-046CÔNG TY TNHH MỘT THÀNH VIÊN ĐẦU TƯ THIẾT BỊ VĂN PHÒNG ĐẠI DƯƠNG XANH,Đại lý tổng,,Thành phố Hồ Chí Minh,Thành phố Thủ Đức,"Số 1/9B Lã Xuân Oai, khu phố Phước Hiệp, Phường Long Trường",,Có hiệu lực
45,Cửa Hàng Bán Lẻ LPG Chai Thuận Thành,ĐL-047 THUẬN THÀNH MP,Đại lý tổng,,Tỉnh Bình Dương,Thị xã Bến Cát,"Đường DJ10 Khu Phố 3B, - Phường Thới Hòa",salesbd,Có hiệu lực
46,CỬA HÀNG BÁN LẺ LPG CHAI MẠNH ĐẠT,ĐL-049CỬA HÀNG BÁN LẺ LPG CHAI MẠNH ĐẠT,Đại lý tổng,,Tỉnh Bình Dương,Thành phố Dĩ An,"Tổ 17, ấp Chiêu Liêu - Phường Tân Đông Hiệp",salesbd,Có hiệu lực
47,CÔNG TY TNHH MỘT THÀNH VIÊN NHỊ QUYÊN,ĐL-050CÔNG TY TNHH MỘT THÀNH VIÊN NHỊ QUYÊN,Đại lý tổng,,Tỉnh Bình Dương,Thành phố Thuận An,"Số 4/98, Tổ 4, Khu phố Bình Thuận 1, Phường Thuận Giao",,Có hiệu lực
48,CÔNG TY TNHH MỘT THÀNH VIÊN THƯƠNG MẠI NGỌC TẤN,ĐL-051CÔNG TY TNHH MỘT THÀNH VIÊN THƯƠNG MẠI NGỌC TẤN,Đại lý tổng,,Tỉnh Bình Phước,Huyện Chơn Thành,"Đường số 7, Khu phố 1, Thị Trấn Chơn Thành",salesbd,Có hiệu lực
49,CÔNG TY TNHH THƯƠNG MẠI GAS TIỆN LỢI,ĐL-052CÔNG TY TNHH THƯƠNG MẠI GAS TIỆN LỢI,Đại lý tổng,,Thành phố Hồ Chí Minh,Thành phố Thủ Đức," Số 66 đường Dương Đình Hội, Phường Phước Long B",,Có hiệu lực
50,CÔNG TY TNHH DẦU KHÍ BẮC SÀI GÒN,ĐL-053CÔNG TY TNHH DẦU KHÍ BẮC SÀI GÒN,Đại lý tổng,,Thành phố Hồ Chí Minh,Thành phố Thủ Đức,"Số 20 đường Làng Tăng Phú, Phường Tăng Nhơn Phú A",saleshcm,Có hiệu lực
51,Cửa Hàng Kinh Doanh LPG Nghĩa,ĐL-054Cửa Hàng Kinh Doanh LPG Nghĩa,Đại lý thứ 2,CÔNG TY TNHH DẦU KHÍ BẮC SÀI GÒN,Thành phố Hồ Chí Minh,Thành phố Thủ Đức,"255 Đường Linh Đông, KP.3, P.Linh Đông",saleshcm,Có hiệu lực
52,CÔNG TY TRÁCH NHIỆM HỮU HẠN GAS TÂN LONG,ĐL-055CÔNG TY TRÁCH NHIỆM HỮU HẠN GAS TÂN LONG,Đại lý tổng,,Tỉnh Bình Dương,Thành phố Thuận An,"Ô 18B, lô DC 07, đường 17, Khu dân cư Việt Sing, Phường An Phú",,Có hiệu lực
53,CÔNG TY CỔ PHẦN VIỆT BABY,ĐL-056CÔNG TY CỔ PHẦN VIỆT BABY,Đại lý tổng,,Thành phố Hồ Chí Minh,Quận Bình Tân,"162 Đường 30, Phường Bình Trị Đông B",,Có hiệu lực
54,Cửa Hàng Bán Lẻ LPG Chai Hoàng Sang,ĐL-057Cửa Hàng Bán Lẻ LPG Chai Hoàng Sang,Đại lý tổng,,Tỉnh Bình Phước,Huyện Chơn Thành,"Khu Phố 2, Thị trấn Chơn Thành",salesbd,Có hiệu lực
55,TRƯỜNG TIỂU HỌC TƯ THỤC NHỰT TÂN,ĐL-058TRƯỜNG TIỂU HỌC TƯ THỤC NHỰT TÂN,Đại lý tổng,,Thành phố Hồ Chí Minh,Quận Gò Vấp,3 Đường số 9 ,,Có hiệu lực
56,CHI NHÁNH CÔNG TY TNHH THỰC PHẨM ÁNH HỒNG,ĐL-059CHI NHÁNH CÔNG TY TNHH THỰC PHẨM ÁNH HỒNG,Đại lý tổng,,Tỉnh Bình Dương,Thành phố Thuận An,"Số 22A đường số 8, Khu Công nghiệp Việt Nam - Singapore, Phường An Phú",,Có hiệu lực
57, Cửa Hàng Bán Lẻ LPG Chai Hải Âu,ĐL-060 Cửa Hàng Bán Lẻ LPG Chai Hải Âu,Đại lý tổng,,Thành phố Hồ Chí Minh,Thành phố Thủ Đức,"309/37 Võ Văn Ngân, Khu phố 5 - Phường Linh Chiểu",salesbd,Có hiệu lực
58,CÔNG TY TNHH EINS VINA,ĐL-061CÔNG TY TNHH EINS VINA,Đại lý tổng,,Tỉnh Bình Dương,Thành phố Dĩ An,"Số 7A Đại lộ Thống Nhất, Khu công nghiệp Sóng Thần 2, Phường Dĩ An",salesbd,Có hiệu lực
59,Cửa Hàng Bán Lẻ LPG Chai Thanh Phong,ĐL-062Cửa Hàng Bán Lẻ LPG Chai Thanh Phong,Đại lý thứ 2,CÔNG TY TNHH DẦU KHÍ BẮC SÀI GÒN,Thành phố Hồ Chí Minh,Thành phố Thủ Đức,"20A Đường 297, KP4, Phường Phước Long B",saleshcm,Có hiệu lực
60,CÔNG TY TNHH LPG ANH TÚ,ĐL-063CÔNG TY TNHH LPG ANH TÚ,Đại lý tổng,,Thành phố Hồ Chí Minh,Quận Tân Bình,"745/31 Lạc Long Quân, Phường 10",,Có hiệu lực
61,Cửa Hàng Bán Lẻ LPG Chai Nguyễn Dũng,ĐL-064Cửa Hàng Bán Lẻ LPG Chai Nguyễn Dũng,Đại lý thứ 2,CÔNG TY TNHH DẦU KHÍ BẮC SÀI GÒN,Thành phố Hồ Chí Minh,Thành phố Thủ Đức,"750/5 QL 13 KP4 P.Hiệp Bình Phước, Phường Hiệp Bình Phước",saleshcm,Có hiệu lực
62,CÔNG TY TNHH MTV ĐẦU TƯ LIÊN MINH PHÁT,ĐL-065CÔNG TY TNHH MTV ĐẦU TƯ LIÊN MINH PHÁT,Đại lý tổng,,Thành phố Hồ Chí Minh,Thành phố Thủ Đức,"39/79C Đường 102, Khu phố 7, Phường Tăng Nhơn Phú A",,Có hiệu lực
63,CÔNG TY TNHH VIỆT TRANG,ĐL-066CÔNG TY TNHH VIỆT TRANG,Đại lý tổng,,Tỉnh Bình Dương,Thành phố Dĩ An,"Lô F, đường số 6, khu công nghiệp sóng thần 2, Phường Dĩ An ",,Có hiệu lực
64,CÔNG TY CỔ PHẦN THỰC PHẨM NIDSAN,ĐL-067CÔNG TY CỔ PHẦN THỰC PHẨM NIDSAN,Đại lý tổng,,Thành phố Hồ Chí Minh,Thành phố Thủ Đức,"81 Hoàng Hữu Nam, Phường Tân Phú",,Có hiệu lực
65,CÔNG TY TRÁCH NHIỆM HỮU HẠN ẨM THỰC Á ĐÔNG,ĐL-068CÔNG TY TRÁCH NHIỆM HỮU HẠN ẨM THỰC Á ĐÔNG,Đại lý tổng,,Thành phố Hồ Chí Minh,Thành phố Thủ Đức,"81 Hoàng Hữu Nam, Phường Tân Phú",,Có hiệu lực
66,CÔNG TY TNHH SẢN XUẤT THƯƠNG MẠI DỊCH VỤ NAM CƯỜNG,ĐL-069CÔNG TY TNHH SẢN XUẤT THƯƠNG MẠI DỊCH VỤ NAM CƯỜNG,Đại lý tổng,,Tỉnh Bình Dương,Thành phố Thuận An,"219/2, khu phố 1B, Phường An Phú",salesbd,Có hiệu lực
67,NHÀ MÁY SẢN XUẤT GĂNG TAY CAO SU XUẤT KHẨU,ĐL-070NHÀ MÁY SẢN XUẤT GĂNG TAY CAO SU XUẤT KHẨU,Đại lý tổng,,Tỉnh Bình Phước,Huyện Chơn Thành,"ấp 3, Xã Minh Thành",salesbd,Có hiệu lực
68,Cơ Sở Phong Phú,ĐL-071Cơ Sở Phong Phú,Đại lý tổng,,Thành phố Hồ Chí Minh,Quận Bình Tân,"334 A, Mã Lò",,Có hiệu lực
69,CÔNG TY TRÁCH NHIỆM HỮU HẠN WAN SING RADIATOR (VIỆT NAM),ĐL-074CÔNG TY TRÁCH NHIỆM HỮU HẠN WAN SING RADIATOR (VIỆT NAM),Đại lý tổng,,Tỉnh Bình Dương,Thành phố Dĩ An,"Số 6, Đường 26, Khu công nghiệp Sóng Thần 2 - PhườngTân Đông Hiệp ",salesbd,Có hiệu lực
70,CÔNG TY TNHH THƯƠNG MẠI ĐẦU TƯ NĂNG LƯỢNG SÀI GÒN,ĐL-075CÔNG TY TNHH THƯƠNG MẠI ĐẦU TƯ NĂNG LƯỢNG SÀI GÒN,Đại lý tổng,,Thành phố Hồ Chí Minh,Thành phố Thủ Đức,"60P Long Thuận, Khu phố Long Thuận - Phường Long Phước ",,Có hiệu lực
71,Cửa Hàng Bán Lẻ LPG Chai Thanh Ngân,ĐL-076Cửa Hàng Bán Lẻ LPG Chai Thanh Ngân,Đại lý tổng,,Thành phố Hồ Chí Minh,Quận Bình Tân,"27/4 Ngô Y Linh, KP 5, Phường An Lạc",saleshcm,Có hiệu lực
72,Cửa Hàng Bán Lẻ LPG Chai Thiên Hương,ĐL-077Cửa Hàng Bán Lẻ LPG Chai Thiên Hương,Đại lý tổng,,Thành phố Hồ Chí Minh,Huyện Bình Chánh,C5/37 ấp 3 X.Tân Kiên - Xã Tân Kiên ,saleshcm,Có hiệu lực
73,Cửa Hàng Bán Lẻ LPG Chai Minh Tiến,ĐL-078Cửa Hàng Bán Lẻ LPG Chai Minh Tiến,Đại lý tổng,,Thành phố Hồ Chí Minh,Quận Bình Tân,"71 Lô Tư, KP10 - Phường Bình Hưng Hòa A",,Có hiệu lực
74,Cửa Hàng Bán Lẻ LPG Chai Tấn Lợi,ĐL-079Cửa Hàng Bán Lẻ LPG Chai Tấn Lợi,Đại lý tổng,,Thành phố Hồ Chí Minh,Quận Bình Tân,45/10 Đình Nghi Xuân KP 10 P.Bình Trị Đông - Phường Bình Trị Đông ,,Có hiệu lực
75,Cửa Hàng Bán Lẻ LPG Chai Minh Huy,ĐL-080Cửa Hàng Bán Lẻ LPG Chai Minh Huy,Đại lý tổng,,Tỉnh Long An,Huyện Cần Giuộc,ấp Tân Xuân - Xã Tân Kim ,,Có hiệu lực
76,Cửa Hàng Bán Lẻ LPG Chai Phú Thịnh,ĐL-081Cửa Hàng Bán Lẻ LPG Chai Phú Thịnh,Đại lý tổng,,Thành phố Hồ Chí Minh,Quận 7,45 Lê Văn Lương - Phường Tân Kiểng ,,Có hiệu lực
77,HỘ KINH DOANH TÚ CHÂU 1,ĐL-082HỘ KINH DOANH TÚ CHÂU 1,Đại lý tổng,,Thành phố Hồ Chí Minh,Quận 8,93 Phạm Thế Hiển - Phường 2,,Có hiệu lực
78,Hộ Kinh Doanh  LPG Chai Hải Phương,ĐL-083Hộ Kinh Doanh  LPG Chai Hải Phương,Đại lý tổng,,Thành phố Hồ Chí Minh,Huyện Bình Chánh,B9/273/1 Ấp 2 - Xã Đa Phước,,Có hiệu lực
79,Cửa Hàng Bán Lẻ LPG Chai Gas Thắng,ĐL-084Cửa Hàng Bán Lẻ LPG Chai Gas Thắng,Đại lý tổng,,Thành phố Hồ Chí Minh,Thành phố Thủ Đức,40 Đường 22 KP1 - Phường Cát Lái ,,Có hiệu lực
80,Cửa Hàng Bán Lẻ LPG Chai Gas Hải Vân,ĐL-085Cửa Hàng Bán Lẻ LPG Chai Gas Hải Vân,Đại lý tổng,,Thành phố Hồ Chí Minh,Quận Bình Thạnh,"152/3B Điện Biên Phủ, Phường 25",,Có hiệu lực
81,Cửa Hàng Bán Lẻ LPG Chai Gas 826,ĐL-086Cửa Hàng Bán Lẻ LPG Chai Gas 826,Đại lý tổng,,Thành phố Hồ Chí Minh,Quận Bình Thạnh,"238 Bình Quới, Phường 28",saleshcm,Có hiệu lực
82,Cửa Hàng Bán Lẻ LPG Chai Minh Tâm,ĐL-087Cửa Hàng Bán Lẻ LPG Chai Minh Tâm,Đại lý tổng,,Thành phố Hồ Chí Minh,Quận Phú Nhuận,"145 Phùng Văn Cung,P.04 - Phường 04",saleshcm,Có hiệu lực
83,CÔNG TY TNHH THƯƠNG MẠI GAS QUỲNH LAM,ĐL-088CÔNG TY TNHH THƯƠNG MẠI GAS QUỲNH LAM,Đại lý tổng,,Tỉnh Bình Dương,Thành phố Thuận An,"Số 31C1/3D, đường BH14, khu phố Bình Đáng, Phường Bình Hòa",salesbd,Có hiệu lực
84,CÔNG TY TNHH ĐẦU TƯ THƯƠNG MẠI DỊCH VỤ NĂNG LƯỢNG XANH,ĐL-089CÔNG TY TNHH ĐẦU TƯ THƯƠNG MẠI DỊCH VỤ NĂNG LƯỢNG XANH,Đại lý tổng,,Thành phố Hồ Chí Minh,Thành phố Thủ Đức,"Số 09 Dương Đình Hội, Phường Phước Long B",,Có hiệu lực
85,CÔNG TY TNHH MỘT THÀNH VIÊN THẢO CẦM VIÊN SÀI GÒN ,ĐL-090CÔNG TY TNHH MỘT THÀNH VIÊN THẢO CẦM VIÊN SÀI GÒN ,Đại lý tổng,,Thành phố Hồ Chí Minh,Quận 1,số 2 Nguyễn Bỉnh Khiêm - Phường Bến Nghé ,,Có hiệu lực
86,CỬA HÀNG BÁN LẺ LPG CHAI GAS NGỌC ÁNH,ĐL-091CỬA HÀNG BÁN LẺ LPG CHAI GAS NGỌC ÁNH,Đại lý tổng,,Tỉnh Bình Dương,Thành phố Thủ Dầu Một,"12 đường số 65, tổ 11 khu 2 - Phường Phú Tân ",salesbd,Có hiệu lực
87,Cửa Hàng Bán Lẻ LPG Chai Thu Hằng,ĐL-092Cửa Hàng Bán Lẻ LPG Chai Thu Hằng,Đại lý tổng,,Tỉnh Bình Dương,Thành phố Thuận An,50/24 Kp Bình Phước B - Phường Bình Chuẩn ,,Có hiệu lực
88,CỬA HÀNG BÁN LẺ LPG CHAI GAS TRÚC,ĐL-093CỬA HÀNG BÁN LẺ LPG CHAI GAS TRÚC,Đại lý thứ 2,CÔNG TY TNHH MỘT THÀNH VIÊN THƯƠNG MẠI - DỊCH VỤ VĂN THANH,Tỉnh Bình Dương,Thị xã Bến Cát,"109, Đường DT 744, ấp An Thành - Xã An Tây",salesbd,Có hiệu lực
89,CỬA HÀNG BÁN LẺ LPG CHAI ĐÔNG THÀNH,ĐL-094 ĐÔNG THÀNH D12 (MP1),Đại lý tổng,,Tỉnh Bình Dương,Thị xã Bến Cát,"Đường D12 ấp 6, Thới Hòa",salesbd,Có hiệu lực
90,Cửa Hàng Bán Lẻ LPG Chai Minh Huệ,ĐL-095Cửa Hàng Bán Lẻ LPG Chai Minh Huệ,Đại lý tổng,,Tỉnh Bình Dương,Thành phố Thuận An,1/38 Bình Thuận 2-Thuận Giao - Phường Thuận Giao,salesbd,Có hiệu lực
91,CÔNG TY CỔ PHẦN THƯƠNG MẠI XUẤT NHẬP KHẨU DẦU KHÍ THÁI BÌNH DƯƠNG,ĐL-096CÔNG TY CỔ PHẦN THƯƠNG MẠI XUẤT NHẬP KHẨU DẦU KHÍ THÁI BÌNH DƯƠNG,Đại lý tổng,,Thành phố Hồ Chí Minh,Thành phố Thủ Đức,99 ích Thạnh - Phường Trường Thạnh ,,Có hiệu lực
92,CÔNG TY TNHH THƯƠNG MẠI DỊCH VỤ ĐỒNG GIA BẢO,ĐL-097CÔNG TY TNHH THƯƠNG MẠI DỊCH VỤ ĐỒNG GIA BẢO,Đại lý tổng,,Tỉnh Bình Dương,Thành phố Thuận An,"Số C2 - 0.24, đường D41, khu phố Vĩnh Phú 2 - Phường Vĩnh Phú ",,Có hiệu lực
93,CÔNG TY TNHH THƯƠNG MẠI DẦU KHÍ SỐ 1 BÌNH DƯƠNG,ĐL-098CÔNG TY TNHH THƯƠNG MẠI DẦU KHÍ SỐ 1 BÌNH DƯƠNG,Đại lý thứ 2,CÔNG TY TNHH LƯƠNG THỰC THỰC PHẨM SỐ 1 BÌNH DƯƠNG,Tỉnh Bình Dương,Thị xã Tân Uyên,"Số 54, tổ 1, khu phố Khánh Hòa - Phường Tân Phước Khánh ",salesbd,Có hiệu lực
94,CỬA HÀNG BÁN LẺ LPG CHAI BẢO NGỌC,ĐL-099CỬA HÀNG BÁN LẺ LPG CHAI BẢO NGỌC,Đại lý tổng,,Thành phố Hồ Chí Minh,Thành phố Thủ Đức,"Số 67, Đường số 5, Khu phố 2, Phường Cát Lát",,Có hiệu lực
95,Cửa Hàng Kinh Doanh LPG Chai Thúy Hằng,ĐL-100Cửa Hàng Kinh Doanh LPG Chai Thúy Hằng,Đại lý tổng,,Thành phố Hồ Chí Minh,Quận Bình Thạnh,280/41 Bùi Hữu Nghĩa,,Có hiệu lực
96,Cửa Hàng Bán Lẻ LPG Chai Mạnh Cường Phát,ĐL-101Cửa Hàng Bán Lẻ LPG Chai Mạnh Cường Phát,Đại lý thứ 2,Công Ty TNHHH MTV Điện Tử M.C.P,Tỉnh Bình Dương,Thành phố Thuận An,"D4/4B tổ 7,KDC Thuận Giao-KP Bình Thuận 2, Phường Thuận Giao",,Có hiệu lực
97,CÔNG TY TRÁCH NHIỆM HỮU HẠN MỘT THÀNH VIÊN THƯƠNG MẠI DỊCH VỤ TẤN HƯNG,ĐL-102CÔNG TY TRÁCH NHIỆM HỮU HẠN MỘT THÀNH VIÊN THƯƠNG MẠI DỊCH VỤ TẤN HƯNG,Đại lý tổng,,Tỉnh Bến Tre,Thành phố Bến Tre,"27 Nguyễn Huệ, Phường An Hội ",,Có hiệu lực
98,CỬA HÀNG BÁN LẺ LPG CHAI THẠCH THUÝ,ĐL-103CỬA HÀNG BÁN LẺ LPG CHAI THẠCH THUÝ,Đại lý tổng,,Tỉnh Bình Dương,Thành phố Thuận An,"D9/15A KDC Thuận Giao, Kp bình Thuận 2, Phường Thuận Giao",salesbd,Có hiệu lực
99,CỬA HÀNG BÁN LẺ LPG CHAI PHÙNG THỊ NHÀN,ĐL-104 MINH TÂM (PTN),Đại lý tổng,,Tỉnh Bình Dương,Thành phố Thuận An,"12 Khu Phố Đông Tư, Thị Trấn Lái Liêu",salesbd,Có hiệu lực
100,Địa Điểm Kinh Doanh10- Công Ty TNHH Đầu Tư Thương Mại Dịch Vụ Năng Lượng Xanh,ĐL-105Địa Điểm Kinh Doanh10- Công Ty TNHH Đầu Tư Thương Mại Dịch Vụ Năng Lượng Xanh,Đại lý tổng,,Tỉnh Bình Phước,Thành phố Đồng Xoài,"210 A Lê Quý Đôn, P.Tân Thiện",,Có hiệu lực
101,HỘ KINH DOANH QUÁN ĂN KIỀU PHONG,ĐL-106HỘ KINH DOANH QUÁN ĂN KIỀU PHONG,Đại lý tổng,,Thành phố Hồ Chí Minh,Quận 8,"301C Bình Đông, Phường 14",,Có hiệu lực
102,ĐỊA ĐIỂM KINH DOANH 11- CÔNG TY TNHH ĐẦU TƯ THƯƠNG MẠI DỊCH VỤ NĂNG LƯỢNG XANH,ĐL-107ĐỊA ĐIỂM KINH DOANH 11- CÔNG TY TNHH ĐẦU TƯ THƯƠNG MẠI DỊCH VỤ NĂNG LƯỢNG XANH,Đại lý tổng,,Tỉnh Bình Phước,Thị xã Bình Long,"384 Nguyễn Huệ, Phường Phú Thịnh",,Có hiệu lực
103,Cửa Hàng Bán Lẻ LPG Chai Tài Lộc,ĐL-108Cửa Hàng Bán Lẻ LPG Chai Tài Lộc,Đại lý tổng,,Tỉnh Bình Dương,Huyện Dầu Tiếng,"Ấp Gò Mối , Xã Thanh Tuyền ",salesbd,Có hiệu lực
104,SỞ KHOA HỌC VÀ CÔNG NGHỆ TPHCM,ĐL-109SỞ KHOA HỌC VÀ CÔNG NGHỆ TPHCM,Đại lý tổng,,Thành phố Hồ Chí Minh,Quận 3,244 Điện Biên Phủ -  Phường 7 ,,Có hiệu lực
105,CỬA HÀNG BÁN LẺ LPG CHAI GAS NGỌC PHÁN,ĐL-120CỬA HÀNG BÁN LẺ LPG CHAI GAS NGỌC PHÁN,Đại lý tổng,,Tỉnh Bình Phước,Huyện Chơn Thành,"Tổ 01, Ấp 07, Xã Minh Hưng",salesbd,Có hiệu lực
106,CÔNG TY TNHH GAS THIÊN PHÚC,ĐL-121CÔNG TY TNHH GAS THIÊN PHÚC,Đại lý tổng,,Thành phố Hồ Chí Minh,Quận 12,523 Đường Lê Văn Khương - phường Hiệp Thành ,,Có hiệu lực
107,Cửa Hàng Bán Lẻ LPG Chai Gas Tấn Đạt,ĐL-122Cửa Hàng Bán Lẻ LPG Chai Gas Tấn Đạt,Đại lý tổng,,Tỉnh Bình Dương,Thị xã Bến Cát,"Số 311 Đường DDT, Ấp Bến Liễu , Phú An ",salesbd,Có hiệu lực
108,CỬA HÀNG BÁN LẺ LPG CHAI PHƯƠNG ANH (ĐỒNG PHÚ),ĐL-123CỬA HÀNG BÁN LẺ LPG CHAI PHƯƠNG ANH (ĐỒNG PHÚ),Đại lý tổng,,Tỉnh Bình Phước,Huyện Đồng Phú,"Thửa đất số 35, tờ bản đồ 19, KP Tân An, TT Tân Phú, H. Đồng Phú",,Có hiệu lực
109,CÔNG TY TNHH MỘT THÀNH VIÊN XÂY DỰNG THƯƠNG MẠI DỊCH VỤ GAS ANH QUÂN,ĐL-124CÔNG TY TNHH MỘT THÀNH VIÊN XÂY DỰNG THƯƠNG MẠI DỊCH VỤ GAS ANH QUÂN,Đại lý thứ 2,CÔNG TY TNHH THƯƠNG MẠI DỊCH VỤ VIỆT HƯNG,Tỉnh Bình Dương,Thành phố Dĩ An,"Số 135, Đường Dĩ An, Khu phố Nhị Đồng 2, Phường Dĩ An",saleshcm,Có hiệu lực
110,CỬA HÀNG BÁN LẺ LPG CHAI KIÊN HOA,ĐL-125CỬA HÀNG BÁN LẺ LPG CHAI KIÊN HOA,Đại lý tổng,,Tỉnh Bình Dương,Thị xã Tân Uyên,"Tổ 2, Ấp 3B, Phường Khánh Bình",,Có hiệu lực
111,CÔNG TY TNHH THƯƠNG MẠI DỊCH VỤ ĐẦU TƯ PHÁT TRIỂN HỒNG HÀ,ĐL-126CÔNG TY TNHH THƯƠNG MẠI DỊCH VỤ ĐẦU TƯ PHÁT TRIỂN HỒNG HÀ,Đại lý tổng,,Tỉnh Bình Dương,Thị xã Tân Uyên,"Thửa đất số 1066, Tờ bản đồ số 52, Khu phố 8 , Phường Uyên Hưng ",,Có hiệu lực
112,CÔNG TY TNHH  MỘT THÀNH VIÊN GỐM SỨ HƯNG THÀNH PHÁT,ĐL-127CÔNG TY TNHH  MỘT THÀNH VIÊN GỐM SỨ HƯNG THÀNH PHÁT,Đại lý tổng,,Tỉnh Bình Dương,Thành phố Thuận An,"Số 166/3A, khu phố Thạnh Hòa B - Phường An Thạnh ",salesbd,Có hiệu lực
113,CÔNG TY TNHH AIR WATER VIỆT NAM,ĐL-129CÔNG TY TNHH AIR WATER VIỆT NAM,Đại lý tổng,,Tỉnh Bà Rịa - Vũng Tàu,Thị xã Phú Mỹ,"Khu Công nghiệp Phú Mỹ 1, Phường Phú Mỹ",salesbd,Có hiệu lực
114,Hộ Kinh Doanh Đại Lý Gas - Bếp Gas Bảo Thy Phát,ĐL-130 Hộ Kinh Doanh Đại Lý Gas - Bếp Gas Bảo Thy Phát,Đại lý tổng,,Thành phố Hồ Chí Minh,Thành phố Thủ Đức,"251/6B , Đường Ngô Chí Quốc, Khu Phố 2, Phường Bình Chiểu",,Có hiệu lực
115,Cửa Hàng Bán Lẻ Nguyễn Thu Hồng,ĐL-131 Cửa Hàng Bán Lẻ Nguyễn Thu Hồng,Đại lý tổng,,Thành phố Hồ Chí Minh,Huyện Bình Chánh,"1/1 ấp 2, Xã Tân Quý Tây",,Có hiệu lực
116,CÔNG TY CỔ PHẦN SẢN XUẤT THƯƠNG MẠI CHẾ BIẾN THỰC PHẨM VIỆT ANH FOOD,ĐL-132CÔNG TY CỔ PHẦN SẢN XUẤT THƯƠNG MẠI CHẾ BIẾN THỰC PHẨM VIỆT ANH FOOD,Đại lý tổng,,Thành phố Hồ Chí Minh,Quận 4,"Số 109/23, Đường Lê Quốc Hưng, - phường 12 ",,Có hiệu lực
117,ĐẠI LÍ GAS PHÚ HƯNG PHÁT,ĐL-133ĐẠI LÍ GAS PHÚ HƯNG PHÁT,Đại lý tổng,,Tỉnh Tiền Giang,Thị xã Gò Công,"Thửa đất số 28306025135, Khu phố 2, Phường 5",,Có hiệu lực
118,CHI NHÁNH CÔNG TY TNHH MỘT THÀNH VIÊN ĐIỆN TỬ M.C.P- CHI NHÁNH 2,ĐL-134CHI NHÁNH CÔNG TY TNHH MỘT THÀNH VIÊN ĐIỆN TỬ M.C.P- CHI NHÁNH 2,Đại lý thứ 2,Công Ty TNHHH MTV Điện Tử M.C.P,Tỉnh Bình Dương,Huyện Bắc Tân Uyên,"Thửa đất số 511, tờ bản đồ số 14, ấp Cổng Xanh, - Xã Tân Bình ",,Có hiệu lực
119,ĐẠI LÝ GAS VÀ BẾP GAS PHONG THÁI,ĐL-135ĐẠI LÝ GAS VÀ BẾP GAS PHONG THÁI,Đại lý tổng,,Tỉnh Bình Dương,Thành phố Thuận An,"255F/2, khu phố 1B, Phường An Phú",salesbd,Có hiệu lực
120,Cửa Hàng Gas An Hồng Ngọc,ĐL-136Cửa Hàng Gas An Hồng Ngọc,Đại lý tổng,,Tỉnh Bình Phước,Huyện Đồng Phú,"Thửa đất số 149, tờ bản đồ 44, Đường ĐT 741, tổ 30, Khu Phố Thắng Lợi, Thị Trấn Tân Phú",salesbd,Có hiệu lực
121,HỘ KINH DOANH PHẠM VĂN MẠNH,ĐL-137HỘ KINH DOANH PHẠM VĂN MẠNH,Đại lý tổng,,Tỉnh Đồng Nai,Thành phố Biên Hòa,"42/36, khu phố 8, phường Hố Nai",,Có hiệu lực
122,HỘ KINH DOANH - ĐẠI LÝ GA MINH CHÂU,ĐL-139HỘ KINH DOANH - ĐẠI LÝ GA MINH CHÂU,Đại lý tổng,,Tỉnh Bình Phước,Thị xã Bình Long,"Tổ 1, Khu phố Bình An, Phường An Lộc",salesbd,Có hiệu lực
123,HỘ KINH DOANH THÀNH PHÁT,ĐL-140HỘ KINH DOANH THÀNH PHÁT,Đại lý tổng,,Tỉnh Bình Dương,Huyện Bàu Bàng,"Số 72, tổ 10, Khu phố Đồng Sổ, Thị trấn Lai Uyên",salesbd,Có hiệu lực
124,HỘ KINH DOANH PHƯỚC DŨNG,ĐL-141HỘ KINH DOANH PHƯỚC DŨNG,Đại lý tổng,,Thành phố Hồ Chí Minh,Quận 8,"Số 7, Bến Phú Định, phường 16",,Có hiệu lực
125,CỬA HÀNG GAS TÂM KHÁNH BÌNH,ĐL-142CỬA HÀNG GAS TÂM KHÁNH BÌNH,Đại lý tổng,,Tỉnh Bình Dương,Thị xã Tân Uyên,"Thửa đất số 777, tờ bản đồ số 39, Khu phố Khánh Lộc, Phường Khánh Bình",,Có hiệu lực
126,HỘ KINH DOANH VẠN TAM,ĐL-143HỘ KINH DOANH VẠN TAM,Đại lý tổng,,Tỉnh Bình Dương,Thành phố Thuận An,"44D, Khu phố Hòa Long, phường Lái Thiêu",,Có hiệu lực
127,HỘ KINH DOANH GAS LONG HẢI,ĐL-144HỘ KINH DOANH GAS LONG HẢI,Đại lý tổng,,Tỉnh Bình Dương,Thành phố Thuận An,"C18S tổ 19, khu phố Bình Phước, Phường Bình Nhâm",,Có hiệu lực
128,Công ty TNHH TM DV Vận Tải XNK Thanh Trúc,ĐL-145Công ty TNHH TM DV Vận Tải XNK Thanh Trúc,Đại lý tổng,,Thành phố Hồ Chí Minh,Huyện Bình Chánh,"C4/18KQ9,Đường C4,Xã Bình Hưng",,Có hiệu lực
129,CHI NHÁNH CÔNG TY CỔ PHẦN NIBA - NHÀ HÀNG BAVARIA,ĐL-146CHI NHÁNH CÔNG TY CỔ PHẦN NIBA - NHÀ HÀNG BAVARIA,Đại lý tổng,,Thành phố Hồ Chí Minh,Thành phố Thủ Đức,"350 Đỗ Xuân Hợp, Phường Phước Long A",,Có hiệu lực
130,CHI NHÁNH CÔNG TY CỔ PHẦN NIBA - NHÀ HÀNG LÀNG MẸT,ĐL-146CHI NHÁNH CÔNG TY CỔ PHẦN NIBA - NHÀ HÀNG LÀNG MẸT,Đại lý tổng,,Thành phố Hồ Chí Minh,Thành phố Thủ Đức,"351 Đỗ Xuân Hợp, Phường Phước Long A",,Có hiệu lực
131,CHI NHÁNH CÔNG TY CỔ PHẦN NIBA - NHÀ HÀNG MIDWAY PUB,ĐL-146CHI NHÁNH CÔNG TY CỔ PHẦN NIBA - NHÀ HÀNG MIDWAY PUB,Đại lý tổng,,Thành phố Hồ Chí Minh,Thành phố Thủ Đức,"352 Đỗ Xuân Hợp, Phường Phước Long A",,Có hiệu lực
132,CHI NHÁNH CÔNG TY CỔ PHẦN NIBA - NHÀ HÀNG NHÀ THÁI 2,ĐL-146CHI NHÁNH CÔNG TY CỔ PHẦN NIBA - NHÀ HÀNG NHÀ THÁI 2,Đại lý tổng,,Thành phố Hồ Chí Minh,Thành phố Thủ Đức,"353 Đỗ Xuân Hợp, Phường Phước Long A",,Có hiệu lực
133,HỘ KINH DOANH CỬA HÀNG LPG CƯỜNG THỊNH,ĐL-147HỘ KINH DOANH CỬA HÀNG LPG CƯỜNG THỊNH,Đại lý tổng,,Thành phố Hồ Chí Minh,Quận 8,"488 Bùi Minh Trực, Phường 6",,Có hiệu lực
134,HỘ KINH DOANH TÁM MƯƠI MỐT,ĐL-148HỘ KINH DOANH TÁM MƯƠI MỐT,Đại lý tổng,,Thành phố Hồ Chí Minh,Quận Phú Nhuận,"81 Thích Quảng Đức, Phường 04",,Có hiệu lực
135,HỘ KINH DOANH THÔNG LAN,ĐL-149HỘ KINH DOANH THÔNG LAN,Đại lý tổng,,Thành phố Hồ Chí Minh,Thành phố Thủ Đức,"Số 26, đường Nguyễn Trung Nguyệt, Khu phố 5, phường Bình Trưng Đông",,Có hiệu lực
136,CỬA HÀNG GAS PHƯỚC HƯNG,ĐL-151CỬA HÀNG GAS PHƯỚC HƯNG,Đại lý tổng,,Tỉnh Bình Dương,Thành phố Thuận An,"39/6 Bình Quới A, Phường Bình Chuẩn",salesbd,Có hiệu lực
137,GAS BẢO LONG,ĐL-152GAS BẢO LONG,Đại lý tổng,,Tỉnh Bình Dương,Huyện Dầu Tiếng,"Tổ 6, Kiến An, Xã An Lập",,Có hiệu lực
138,HỘ KINH DOANH PHÁT TÀI,ĐL-153HỘ KINH DOANH PHÁT TÀI,Đại lý tổng,,Thành phố Hồ Chí Minh,Thành phố Thủ Đức,"Số 34A, Đường Nguyễn Tư Nghiêm, Phường Bình Trưng Tây",,Có hiệu lực
139,CỬA HÀNG LPG KHẢI HOÀN,ĐL-155CỬA HÀNG LPG KHẢI HOÀN,Đại lý tổng,,Thành phố Hồ Chí Minh,Quận 8,"1436D Phạm Thế Hiển, Phường 5",,Có hiệu lực
140,HỘ KINH DOANH GAS XUÂN TÍN,ĐL-156HỘ KINH DOANH GAS XUÂN TÍN,Đại lý tổng,,Thành phố Hồ Chí Minh,Thành phố Thủ Đức,"8A, Đường 12, Phường Long Thạnh Mỹ",,Có hiệu lực
141,CÔNG TY TNHH CẦU TRỤC THANG MÁY QUẢNG LIÊN,ĐL-157CÔNG TY TNHH CẦU TRỤC THANG MÁY QUẢNG LIÊN,Đại lý tổng,,Thành phố Hồ Chí Minh,Quận 11,"Số 299/15A, Đường Lý Thường Kiệt, Phường 15",salesbd,Có hiệu lực
142,HỘ KINH DOANH CỬA HÀNG GAS ĐẠI DƯƠNG,ĐL-158HỘ KINH DOANH CỬA HÀNG GAS ĐẠI DƯƠNG,Đại lý tổng,,Thành phố Hồ Chí Minh,Quận 8,"8A/16B Chánh Hưng, Phường 4",,Có hiệu lực
143,CÔNG TY TNHH LPG MINH TUẤN,ĐL-159 CÔNG TY TNHH LPG MINH TUẤN,Đại lý tổng,,Thành phố Hồ Chí Minh,Quận Bình Tân,"574/55 SinCo, Phường Bình Trị Đông B ",,Có hiệu lực
144,DOANH NGHIỆP TƯ NHÂN THƯƠNG MẠI - DỊCH VỤ THANH TIN,ĐL-162DOANH NGHIỆP TƯ NHÂN THƯƠNG MẠI - DỊCH VỤ THANH TIN,Đại lý tổng,,Tỉnh Đắk Lắk,Thị xã Buôn Hồ,"Số 42 Nguyễn Văn Trỗi, Phường An Lạc",,Có hiệu lực
145,HỘ KINH DOANH GAS BÌNH MINH N2,ĐL-163HỘ KINH DOANH GAS BÌNH MINH N2,Đại lý tổng,,Tỉnh Bình Dương,Thị xã Bến Cát,"Đất thuê của ông Phạm Duy ; Đường N2 , Khu phố 06 , Phường Thới Hòa ",salesbd,Có hiệu lực
146,CỬA HÀNG LPG NHƯ Ý,ĐL-164CỬA HÀNG LPG NHƯ Ý,Đại lý tổng,,Thành phố Hồ Chí Minh,Thành phố Thủ Đức," 849A – 851, Nguyễn Duy Trinh , P.Phú Hữu",,Có hiệu lực
147,CÔNG TY TNHH NIPRO VIỆT NAM,ĐL-165CÔNG TY TNHH NIPRO VIỆT NAM,Đại lý tổng,,Thành phố Hồ Chí Minh,Thành phố Thủ Đức,"Lô I-8-3, Đường D8, Phường Long Thạnh Mỹ",,Có hiệu lực
148,ĐẠI LÝ GAS HOÀNG ANH,ĐL-166ĐẠI LÝ GAS HOÀNG ANH,Đại lý tổng,,Tỉnh Bình Dương,Thành phố Thủ Dầu Một,"543 Đường Phú Lợi, Tổ 1 , Khu Phố 9, Phường Phú Lợi ",salesbd,Có hiệu lực
149,HỘ KINH DOANH PHÚ HƯNG 2,ĐL-167HỘ KINH DOANH PHÚ HƯNG 2,Đại lý tổng,,Thành phố Hồ Chí Minh,Quận 8,"937D/1 Tạ Quang Bửu, Phường 5",saleshcm,Có hiệu lực
150,CÔNG TY TNHH MỘT THÀNH VIÊN THƯƠNG MẠI DỊCH VỤ VẬN TẢI MAI ĐÌNH,ĐL-168CÔNG TY TNHH MỘT THÀNH VIÊN THƯƠNG MẠI DỊCH VỤ VẬN TẢI MAI ĐÌNH,Đại lý thứ 2,Cửa Hàng Bán Lẻ LPG Chai Phương Anh,Tỉnh Bình Phước,Huyện Chơn Thành,"Tổ 1, Khu phố 3, Phường Hưng Long",salesbd,Có hiệu lực
151,CỬA HÀNG GAS QUANG THIỆU,ĐL-169CỬA HÀNG GAS QUANG THIỆU,Đại lý tổng,,Tỉnh Bình Dương,Huyện Bàu Bàng,"Thuê nhà của ông Nguyễn Văn Long, Ấp 4, xã Tân Hưng",salesbd,Có hiệu lực
152,BÙI THỊ MỘNG NGHI (PHÁT VINH 179),ĐL-170BÙI THỊ MỘNG NGHI (PHÁT VINH 179),Đại lý tổng,,Tỉnh Long An,Huyện Cần Giuộc,"Thửa đất số 1068, tờ bản đồ số 6 , đường Nguyễn An Ninh, khu phố Hòa Thuận 1",,Có hiệu lực
153,CÔNG TY TNHH DỆT NHUỘM QUỐC TẾ RADIANT,ĐL-171CÔNG TY TNHH DỆT NHUỘM QUỐC TẾ RADIANT,Đại lý thứ 2,CỬA HÀNG BÁN LẺ LPG CHAI GAS NGỌC PHÁN,Tỉnh Bình Phước,Huyện Chơn Thành,"Lô K1 & K2, KCN Minh Hưng- Hàn Quốc, Phường Minh Hưng",salesbd,Có hiệu lực
154,CỬA HÀNG GAS MỸ PHƯỚC,ĐL-172CỬA HÀNG GAS MỸ PHƯỚC,Đại lý tổng,,Tỉnh Bình Dương,Thị xã Bến Cát,"Thửa Đất số 3555, tờ bản đồ số 58, đường NB6, khu phố 3, phường Mỹ Phước",,Có hiệu lực
155,Hộ Kinh Doanh NGUYỄN HOÀNG NGUYÊN,ĐL-173Hộ Kinh Doanh NGUYỄN HOÀNG NGUYÊN,Đại lý tổng,,Tỉnh Bình Dương,Thị xã Bến Cát,"Ô 23 lô K4 , đường NK1, khu phố 3A , phường Thới Hòa",salesbd,Có hiệu lực
156,Hộ kinh doanh Lê Văn Hoan,ĐL-174Hộ kinh doanh Lê Văn Hoan,Đại lý tổng,,Tỉnh Bình Dương,Thành phố Thủ Dầu Một,"55 Đường D7, Tổ 1 Khu 1, Phường Phú Tân",salesbd,Có hiệu lực
157,CÔNG TY TNHH MỘT THÀNH VIÊN GAS NHẬT MAI,ĐL-175CÔNG TY TNHH MỘT THÀNH VIÊN GAS NHẬT MAI,Đại lý thứ 2,CỬA HÀNG BÁN LẺ LPG CHAI MẠNH ĐẠT,Tỉnh Bình Dương,Thành phố Thuận An,"Thửa đất số 533, tờ bản đồ số 967, KDC Việt Sing, Phường An Phú ",salesbd,Có hiệu lực
158,CÔNG TY TNHH MỘT THÀNH VIÊN NĂNG LƯỢNG XANH TG,ĐL-176CÔNG TY TNHH MỘT THÀNH VIÊN NĂNG LƯỢNG XANH TG,Đại lý tổng,,Tỉnh Tiền Giang,Huyện Châu Thành,"ấp Vĩnh Bình, Xã Vĩnh Kim",,Có hiệu lực
159,CÔNG TY TNHH MTV TM PHÚC GIA KHANG,ĐL-177CÔNG TY TNHH MTV TM PHÚC GIA KHANG,Đại lý tổng,,Tỉnh Trà Vinh,Huyện Châu Thành,"ấp Trì Phong, Xã Hòa Lợi",,Có hiệu lực
160,CỬA HÀNG LPG CHAI THANH BÌNH 2,ĐL-178CỬA HÀNG LPG CHAI THANH BÌNH 2,Đại lý tổng,,Tỉnh Bình Dương,Thành phố Thuận An,"Kiot số 1, 2/2B  khu phố Đồng An 1, Phường Bình Hòa",salesbd,Có hiệu lực
161,CÔNG TY TNHH VẬN TẢI NHƯ QUANG VINH,ĐL-179CÔNG TY TNHH VẬN TẢI NHƯ QUANG VINH,Đại lý tổng,,Thành phố Hồ Chí Minh,Thành phố Thủ Đức,"131 Lê Thị Hoa, Khu Phố 3, Phường Bình Chiểu",,Có hiệu lực
162,CÔNG TY TNHH MỘT THÀNH VIÊN DẦU KHÍ BẢO LINH,ĐL-180CÔNG TY TNHH MỘT THÀNH VIÊN DẦU KHÍ BẢO LINH,Đại lý tổng,,Tỉnh Bình Dương,Thành phố Dĩ An,"Số 19, đường N16, KDC DV Tân Bình, khu phố Tân Thắng, Phường Tân Bình",,Có hiệu lực
163,CÔNG TY TNHH A-PRO TECHNOLOGY,ĐL-181CÔNG TY TNHH A-PRO TECHNOLOGY,Đại lý thứ 2,CỬA HÀNG GAS PHƯỚC HƯNG,Tỉnh Bình Dương,Thành phố Thủ Dầu Một,"Lô B-4, B-5, B-6, đường Đại Đăng 3, khu công nghiệp Đại Đăng, Phường Phú Tân",salesbd,Có hiệu lực
164,CÔNG TY TNHH XIANG SEN,ĐL-182CÔNG TY TNHH XIANG SEN,Đại lý tổng,,Tỉnh Bình Dương,Thị xã Bến Cát,"Lô C/9B-CN, Khu công nghiệp Mỹ Phước 3, Phường Thới Hòa",,Có hiệu lực
165,CỬA HÀNG GAS THUẬN THÀNH,ĐL-183CỬA HÀNG GAS THUẬN THÀNH,Đại lý tổng,,Tỉnh Bình Dương,Thị xã Tân Uyên,"Thửa đất số 320, Tờ bản đồ số 59, KP 7, Phường Uyên Hưng",salesbd,Có hiệu lực
166,CÔNG TY TNHH SATO-SANGYO VIỆT NAM,ĐL-184CÔNG TY TNHH SATO-SANGYO VIỆT NAM,Đại lý thứ 2,Cửa Hàng Bán Lẻ LPG Chai Thuận Thành,Tỉnh Bình Dương,Thị xã Bến Cát,"Lô D-8H-CN & lô D-8G-CN, đường DE6, khu công nghiệp Mỹ Phước 3 , Phường Thới Hòa",salesbd,Có hiệu lực
167,CÔNG TY CỔ PHẦN THƯƠNG MẠI DẦU KHÍ THÁI BÌNH DƯƠNG,ĐL-185CÔNG TY CỔ PHẦN THƯƠNG MẠI DẦU KHÍ THÁI BÌNH DƯƠNG,Đại lý tổng,,Thành phố Hồ Chí Minh,Thành phố Thủ Đức,"99 ích Thạnh, Phường Trường Thạnh ",,Có hiệu lực
168,HỘ KINH DOANH GAS ANH QUÂN 3,ĐL-186HỘ KINH DOANH GAS ANH QUÂN 3,Đại lý tổng,,Tỉnh Bình Dương,Thành phố Thuận An,"29/434/21, khu phố Bình Đáng - Phường Bình Hòa ",salesbd,Có hiệu lực
169,CÔNG TY TNHH MTV DẦU KHÍ SÔNG TIỀN,ĐL-187CÔNG TY TNHH MTV DẦU KHÍ SÔNG TIỀN,Đại lý tổng,,Tỉnh Tiền Giang,Thành phố Mỹ Tho,"Số 1456, tổ 20, ấp Phong Thuận, Xã Tân Mỹ Chánh",,Có hiệu lực
170,CỬA HÀNG GAS ĐÔNG THÀNH,ĐL-188 ĐÔNG THÀNH VIỆT SING,Đại lý tổng,,Tỉnh Bình Dương,Thành phố Thuận An,"ô102 lô DC14, KDC Vietsing, Kp4, Phường An Phú",salesbd,Có hiệu lực
171,HỘ KINH DOANH GAS HÙNG PHÁT ,ĐL-189HỘ KINH DOANH GAS HÙNG PHÁT ,Đại lý tổng,,Thành phố Hồ Chí Minh,Thành phố Thủ Đức,"73, Nguyễn Xiển , Phường Trường Thạnh",saleshcm,Có hiệu lực
172,CÔNG TY TNHH CÔNG NGHIỆP LIÊN ANH,ĐL-190CÔNG TY TNHH CÔNG NGHIỆP LIÊN ANH,Đại lý tổng,,Tỉnh Bình Dương,Thành phố Thủ Dầu Một,"Số 73, đường ĐX 106, tổ 75, khu 9, Phường Hiệp An",,Có hiệu lực
173,CÔNG TY TNHH GAS PHOENIX (VIỆT NAM),ĐL-191CÔNG TY TNHH GAS PHOENIX (VIỆT NAM),Đại lý tổng,,Thành phố Hồ Chí Minh,Quận Phú Nhuận,"Số 456, Đường Phan Xích Long, Phường 02",,Có hiệu lực
174,Hộ Kinh Doanh Dương Văn Thành,ĐL-192Hộ Kinh Doanh Dương Văn Thành,Đại lý tổng,,Tỉnh Bình Dương,Thị xã Bến Cát,"Số 19 ấp Rạch Bắp, - Xã An Tây ",salesbd,Có hiệu lực
175,CÔNG TY CỔ PHẦN ĐẦU TƯ THƯƠNG MẠI AN TOÀN,ĐL-193CÔNG TY CỔ PHẦN ĐẦU TƯ THƯƠNG MẠI AN TOÀN,Đại lý tổng,,Thành phố Hồ Chí Minh,Quận 8,"1593/2A Đường Phạm Thế Hiển, Phường 6",,Có hiệu lực
176,CÔNG TY CỔ PHẦN GAS TẤN TÀI,ĐL-194CÔNG TY CỔ PHẦN GAS TẤN TÀI,Đại lý tổng,,Tỉnh Đồng Nai,Thành phố Biên Hòa,"Số 35/20, Đường Thành Thái, ấp Tân Cang, Phường Phước Tân",,Có hiệu lực
177,CÔNG TY TNHH DỊCH VỤ THƯƠNG MẠI VÀ GIA CÔNG PHƯỚC TÂN ANH,ĐL-195CÔNG TY TNHH DỊCH VỤ THƯƠNG MẠI VÀ GIA CÔNG PHƯỚC TÂN ANH,Đại lý tổng,,Tỉnh Bình Dương,Thị xã Bến Cát,"Thửa đất số 1208, tờ bản đồ số 41, Khu Phố 3 - Phường Thới Hòa ",,Có hiệu lực
178,CÔNG TY TNHH THƯƠNG MẠI KHÍ HÓA LỎNG HƯỚNG DƯƠNG,ĐL-196CÔNG TY TNHH THƯƠNG MẠI KHÍ HÓA LỎNG HƯỚNG DƯƠNG,Đại lý tổng,,Tỉnh Tây Ninh,Huyện Châu Thành,"E1/21, ấp Cầy Xiêng, Xã Đồng Khởi",salesbd,Có hiệu lực
179,Hộ Kinh Doanh Cửa Hàng LPG Tấn Tài           ,ĐL-197Hộ Kinh Doanh Cửa Hàng LPG Tấn Tài           ,Đại lý tổng,,Thành phố Hồ Chí Minh,Quận Bình Tân,"06 Đường Chiến Lược, - Phường Bình Trị Đông ",,Có hiệu lực
180,Hộ Kinh Doanh Quốc Tiến,ĐL-198Hộ Kinh Doanh Quốc Tiến,Đại lý tổng,,Tỉnh Bình Dương,Thị xã Bến Cát,"Đường NF4 Khu phố 5, - Phường Chánh Phú Hòa",salesbd,Có hiệu lực
181,Hộ Kinh Doanh Gas Huy Phong,ĐL-199Hộ Kinh Doanh Gas Huy Phong,Đại lý tổng,,Thành phố Hồ Chí Minh,Thành phố Thủ Đức,Số 81 Đường 6 - Phường Tăng Nhơn Phú B,saleshcm,Có hiệu lực
182,CÔNG TY TNHH LPG TRƯỜNG PHÁT,ĐL-200CÔNG TY TNHH LPG TRƯỜNG PHÁT,Đại lý tổng,,Thành phố Hồ Chí Minh,Huyện Bình Chánh,"D15/26E, ấp 4, Xã Tân Kiên",,Có hiệu lực
183,CÔNG TY TNHH GAS HỪNG SÁNG,ĐL-201CÔNG TY TNHH GAS HỪNG SÁNG,Đại lý tổng,,Thành phố Cần Thơ,Quận Bình Thuỷ,"Lô 30A6, Khu công nghiệp Trà Nóc, Phường Trà Nóc",,Có hiệu lực
184,HỘ KINH DOANH GAS NGỌC PHƯƠNG,ĐL-202HỘ KINH DOANH GAS NGỌC PHƯƠNG,Đại lý tổng,,Thành phố Hồ Chí Minh,Quận 4,209/79A Tôn Thất Thuyết - phường 03 ,saleshcm,Có hiệu lực
185,Hộ Kinh Doanh Gas Đức Hiền,ĐL-203Hộ Kinh Doanh Gas Đức Hiền,Đại lý tổng,,Thành phố Hồ Chí Minh,Thành phố Thủ Đức,"86 H, Đường 61, Khu phố 6, Phường Phước Long B",saleshcm,Có hiệu lực
186,CÔNG TY TNHH  GỖ BEST VIỆT NAM,ĐL-204CÔNG TY TNHH  GỖ BEST VIỆT NAM,Đại lý thứ 2,Công ty TNHH Một Thành Viên Gas Mỹ Phước,Tỉnh Bình Dương,Huyện Dầu Tiếng,"Thửa đất số 215, Tờ bản đồ số 48 và Thửa đất số 392, Tờ bản đồ số 45, Ấp Kiến An ,Xã An Lập",salesbd,Có hiệu lực
187, HỘ KINH DOANH GAS BẢY AN,ĐL-205 HỘ KINH DOANH GAS BẢY AN,Đại lý tổng,,Tỉnh Bình Dương,Thành phố Thuận An,"142 KP. Thạnh Phú, P. An Thạnh",salesbd,Có hiệu lực
188,Đại Lý Gas Hải Phương,ĐL-206Đại Lý Gas Hải Phương,Đại lý thứ 2,Hộ Kinh Doanh  LPG Chai Hải Phương,Thành phố Hồ Chí Minh,Quận 7,"431 Khu Phố 2, Lê Văn Lương, Phường Tân ",,Có hiệu lực
189,Hộ Kinh Doanh Cửa Hàng Bếp Hải Phương,ĐL-207Hộ Kinh Doanh Cửa Hàng Bếp Hải Phương,Đại lý thứ 2,Hộ Kinh Doanh  LPG Chai Hải Phương,Thành phố Hồ Chí Minh,Huyện Bình Chánh,"B6/194 Quốc lộ 50, ấp 2 - Xã Phong Phú ",,Có hiệu lực
190,CÔNG TY TNHH KHÍ ĐỐT TÂN TIẾN,ĐL-208CÔNG TY TNHH KHÍ ĐỐT TÂN TIẾN,Đại lý tổng,,Tỉnh Tiền Giang,Thị xã Cai Lậy,"Quốc Lộ 1A, Xã Phú Nhuận",saleshcm,Có hiệu lực
191,Hộ Kinh Doanh Phụng Nguyên,ĐL-209Hộ Kinh Doanh Phụng Nguyên,Đại lý tổng,,Thành phố Hồ Chí Minh,Quận 10,342B Nguyễn Duy Dương P.09 - Phường 09,,Có hiệu lực
192,Cửa Hàng Gas Anh Tiệp,ĐL-210Cửa Hàng Gas Anh Tiệp,Đại lý tổng,,Tỉnh Bình Dương,Thành phố Thủ Dầu Một,"220/97 Huỳnh Văn Lũy, tổ 61, khu 7, - Phường Phú Lợi ",salesbd,Có hiệu lực
193,Hộ Kinh Doanh Gas Hừng Đông Hố Nai,ĐL-211Hộ Kinh Doanh Gas Hừng Đông Hố Nai,Đại lý thứ 2,HỘ KINH DOANH GAS HOÀNG TÙNG,Tỉnh Đồng Nai,Thành phố Biên Hòa,"103/4, KP 4, - Phường Tân Hòa ",salesbd,Có hiệu lực
194,HỘ KINH DOANH NGUYỄN THỊ DOAN (THIỆN NHÂN),ĐL-212HỘ KINH DOANH NGUYỄN THỊ DOAN (THIỆN NHÂN),Đại lý tổng,,Tỉnh Bình Phước,Thành phố Đồng Xoài,"Ấp 2, Xã Tiến Hưng",salesbd,Có hiệu lực
195,Hộ Kinh Doanh Gas Đại Phát,ĐL-213Hộ Kinh Doanh Gas Đại Phát,Đại lý tổng,,Thành phố Hồ Chí Minh,Quận 6,"969A Lò Gốm, Phường 08",saleshcm,Có hiệu lực
196,HỘ KINH DOANH GAS GIA ĐÌNH,ĐL-214HỘ KINH DOANH GAS GIA ĐÌNH,Đại lý tổng,,Thành phố Hồ Chí Minh,Huyện Bình Chánh,"14 Đường số 18, Phường Hiệp Bình Chánh",saleshcm,Có hiệu lực
197,HỘ KINH DOANH GAS ĐẠI PHÁT,ĐL-215HỘ KINH DOANH GAS ĐẠI PHÁT,Đại lý tổng,,Thành phố Hồ Chí Minh,Quận 8,"27 Trương Đình Hội, Phường 16",saleshcm,Có hiệu lực
198,HỘ KINH DOANH GAS Á CHÂU,ĐL-216HỘ KINH DOANH GAS Á CHÂU,Đại lý tổng,,Thành phố Hồ Chí Minh,Huyện Bình Chánh,"86 Đường số 22, KDC Bình Hưng, Xã Bình Hưng",saleshcm,Có hiệu lực
199,CÔNG TY TNHH HẢI ÂU,ĐL-217CÔNG TY TNHH HẢI ÂU,Đại lý tổng,,Tỉnh Bình Dương,Thành phố Dĩ An,"Thửa đất số 456C/8, Khu phố Nội Hóa 1, Phường Bình An",salesbd,Có hiệu lực
200,HỘ KINH DOANH GAS ĐẠI PHÁT 2,ĐL-218HỘ KINH DOANH GAS ĐẠI PHÁT 2,Đại lý tổng,,Thành phố Hồ Chí Minh,Quận 8,"322 Tạ Quang Bửu, Phường 4",saleshcm,Có hiệu lực
201,CÔNG TY TNHH MỘT THÀNH VIÊN DỊCH VỤ VÀ THƯƠNG MẠI THIÊN HỮU LỘC PHÁT,ĐL-219CÔNG TY TNHH MỘT THÀNH VIÊN DỊCH VỤ VÀ THƯƠNG MẠI THIÊN HỮU LỘC PHÁT,Đại lý tổng,,Tỉnh Bình Dương,Thành phố Thủ Dầu Một,"Lô HL-A1-ô 17, tờ bản đồ số 01, đường D27, khu tái định cư H, Phường Hoà Phú",salesbd,Có hiệu lực
202,CÔNG TY TNHH MỘT THÀNH VIÊN CUNG CẤP SUẤT ĂN CÔNG NGHIỆP LÊ HUY,ĐL-220CÔNG TY TNHH MỘT THÀNH VIÊN CUNG CẤP SUẤT ĂN CÔNG NGHIỆP LÊ HUY,Đại lý thứ 2,CỬA HÀNG GAS PHƯỚC HƯNG,Tỉnh Bình Dương,Thành phố Thủ Dầu Một,"Số 61/5 Khu phố Bình Quới A, Phường Bình Chuẩn",salesbd,Có hiệu lực
203,CÔNG TY TNHH THỰC PHẨM XANH LONG AN,ĐL-221CÔNG TY TNHH THỰC PHẨM XANH LONG AN,Đại lý thứ 2,Cửa Hàng Bán Lẻ LPG Chai Phương Anh,Tỉnh Long An,Huyện Thủ Thừa,"Lô A4-A7, Đường số 6, KCN Hòa Bình, Xã Nhị Thành",salesbd,Có hiệu lực
204,HỘ KINH DOANH GAS LAN ANH,ĐL-222HỘ KINH DOANH GAS LAN ANH,Đại lý tổng,,Thành phố Hồ Chí Minh,Quận Tân Bình,254/98/12A âu Cơ - Phường 9,saleshcm,Có hiệu lực
205,CỬA HÀNG GAS HƯỚNG DƯƠNG,ĐL-223CỬA HÀNG GAS HƯỚNG DƯƠNG,Đại lý thứ 2,CÔNG TY TNHH THƯƠNG MẠI KHÍ HÓA LỎNG HƯỚNG DƯƠNG,Tỉnh Tây Ninh,Huyện Châu Thành,"E/21, tổ 5, ấp Cầy Xiêng - Xã Đồng Khởi",salesbd,Có hiệu lực
206,CÔNG TY TNHH SẢN XUẤT THƯƠNG MẠI HONG MING,ĐL-224CÔNG TY TNHH SẢN XUẤT THƯƠNG MẠI HONG MING,Đại lý thứ 2,Công ty TNHH Một Thành Viên Gas Mỹ Phước,Tỉnh Bình Dương,Huyện Bàu Bàng,"Thửa đất số 821, Tờ bản đồ số 35, Tổ 03, ấp Cầu Đôi, Xã Lai Hưng",salesbd,Có hiệu lực
207,ĐẠI LÝ LPG HỪNG SÁNG,ĐL-225ĐẠI LÝ LPG HỪNG SÁNG,Đại lý tổng,,Tỉnh Bình Dương,Thành phố Thuận An,"Kiốt số 6, 126A/2 khu phố 1B - Phường An Phú ",salesbd,Có hiệu lực
208,ĐẠI LÝ THANH BÌNH,ĐL-226ĐẠI LÝ THANH BÌNH,Đại lý tổng,,Tỉnh Bình Dương,Thành phố Thuận An,5J/5 KP ĐồNG AN 1 - Phường Bình Hòa ,salesbd,Có hiệu lực
209,CÔNG TY TNHH THẾ GIỚI THỰC PHẨM TÂM ĐỨC,ĐL-227CÔNG TY TNHH THẾ GIỚI THỰC PHẨM TÂM ĐỨC,Đại lý thứ 2,Hộ Kinh Doanh Gas Đức Hiền,Thành phố Hồ Chí Minh,Thành phố Thủ Đức,"Số 253 Lê Văn Việt, Phường Hiệp Phú",saleshcm,Có hiệu lực
210,CÔNG TY CỔ PHẦN INTIMEX MỸ PHƯỚC,ĐL-228CÔNG TY CỔ PHẦN INTIMEX MỸ PHƯỚC,Đại lý thứ 2,Cửa Hàng Bán Lẻ LPG Chai Thuận Thành,Tỉnh Bình Dương,Thị xã Bến Cát,"Lô D-8E-CN, Khu công nghiệp Mỹ Phước 3, Phường Thới Hòa",salesbd,Có hiệu lực
211,CÔNG TY TNHH REMOTE SOLUTION VIỆT NAM,ĐL-229CÔNG TY TNHH REMOTE SOLUTION VIỆT NAM,Đại lý thứ 2,Cửa Hàng Bán Lẻ LPG Chai Thuận Thành,Tỉnh Bình Dương,Thị xã Bến Cát,"Lô D-5H-CN, khu công nghiệp Mỹ Phước 3, Phường Thới Hòa",salesbd,Có hiệu lực
212,CÔNG TY TNHH TM DV HUỲNH GIA HUY,ĐL-230CÔNG TY TNHH TM DV HUỲNH GIA HUY,Đại lý thứ 2,Cửa Hàng Gas Anh Tiệp,Tỉnh Bình Dương,Huyện Dầu Tiếng,"Thửa đất số 47, tờ bản đồ số 39, ấp Bưng Còng, Xã Thanh Tuyền",salesbd,Có hiệu lực
213,DOANH NGHIỆP TƯ NHÂN AN KHƯƠNG,ĐL-231DOANH NGHIỆP TƯ NHÂN AN KHƯƠNG,Đại lý thứ 2,,Thành phố Hồ Chí Minh,Quận Tân Phú,"21 Dân Tộc, Phường Tân Thành",salesbd,Có hiệu lực
214,CÔNG TY TNHH APPAREL FAR EASTERN (VIETNAM),ĐL-232CÔNG TY TNHH APPAREL FAR EASTERN (VIETNAM),Đại lý thứ 2,Cửa Hàng Bán Lẻ LPG Chai Thuận Thành,Tỉnh Bình Dương,Thành phố Thuận An,"Số 46, Đại lộ Tự Do, khu công nghiệp Việt Nam, Singapore, Phường Bình Hòa",salesbd,Có hiệu lực
215,CÔNG TY TNHH DŨNG AN THÀNH,ĐL-233CÔNG TY TNHH DŨNG AN THÀNH,Đại lý thứ 2,Cửa Hàng Bán Lẻ LPG Chai Phương Anh,Tỉnh Bình Dương,Thành phố Dĩ An,"Số 119 đường Nguyễn Thị MInh Khai, Khu phố Tân Long, PhườngTân Đông Hiệp",salesbd,Có hiệu lực
216,CÔNG TY TNHH SẢN XUẤT THƯƠNG MẠI KỸ THUẬT HỒNG VIỆT,ĐL-234CÔNG TY TNHH SẢN XUẤT THƯƠNG MẠI KỸ THUẬT HỒNG VIỆT,Đại lý thứ 2,,Thành phố Hồ Chí Minh,Huyện Củ Chi,"403 Đường Tỉnh Lộ 8, ấp Tây, Xã Tân An Hội",saleshcm,Có hiệu lực
217,CÔNG TY TNHH MỘT THÀNH VIÊN SẢN XUẤT - THƯƠNG MẠI - DỊCH VỤ QUỐC TẾ HỒ NGUYỄN,ĐL-235CÔNG TY TNHH MỘT THÀNH VIÊN SẢN XUẤT - THƯƠNG MẠI - DỊCH VỤ QUỐC TẾ HỒ NGUYỄN,Đại lý thứ 2,,Thành phố Hồ Chí Minh,Quận Bình Tân,"67/56/4 Nguyễn Thị Tú, Khu phố 3, Phường Bình Hưng Hòa B",saleshcm,Có hiệu lực
218,HỘ KINH DOANH VÕ THỊ DUNG,ĐL-236HỘ KINH DOANH VÕ THỊ DUNG,Đại lý tổng,,Tỉnh Bình Dương,Thị xã Bến Cát,251 tổ 11 Tân Lập - Xã An Điền ,salesbd,Có hiệu lực
219,CÔNG TY TNHH DAIWON OPTICAL VIỆT NAM,ĐL-237CÔNG TY TNHH DAIWON OPTICAL VIỆT NAM,Đại lý thứ 2,Cửa Hàng Bán Lẻ LPG Chai Đông Thành MP,Tỉnh Bình Dương,Thị xã Bến Cát,"Lô B_6E17_CN, khu công nghiệp Mỹ Phước 3, Phường Thới Hòa",salesbd,Có hiệu lực
220,HỘ KINH DOANH AN BÌNH ( ĐỖ THỊ BÍCH LIÊN),ĐL-238HỘ KINH DOANH AN BÌNH ( ĐỖ THỊ BÍCH LIÊN),Đại lý tổng,,Tỉnh Bình Dương,Huyện Bàu Bàng,"Số 83, Lô B31, Đường N7, KDC 5B, KP Đồng Sổ,  Thị trấn Lai Uyên ",salesbd,Có hiệu lực
221,GAS THỊNH PHÁT THỚI HÒA,ĐL-239GAS THỊNH PHÁT THỚI HÒA,Đại lý tổng,,Tỉnh Bình Dương,Thị xã Bến Cát,"Thửa đất 1713, tờ bản đồ 38, đường D4B tổ 3, khu phố 5 - Phường Thới Hòa",salesbd,Có hiệu lực
222,HỘ KINH DOANH NGỌC ANH,ĐL-240HỘ KINH DOANH NGỌC ANH,Đại lý thứ 2,CỬA HÀNG BÁN LẺ LPG CHAI MẠNH ĐẠT,Thành phố Hồ Chí Minh,Thành phố Thủ Đức,"22 Đường 109, Khu phố 5, Phường Phước Long B",salesbd,Có hiệu lực
223,GAS KHÁNH VÂN,ĐL-241GAS KHÁNH VÂN,Đại lý tổng,,Thành phố Hồ Chí Minh,Quận 7,"487/2C, Khu phố 1, đường Huỳnh Tấn Phát, phường Tân Thuận Đông",saleshcm,Có hiệu lực
224,CÔNG TY TNHH THƯƠNG MẠI DỊCH VỤ GAS THANH BÌNH,ĐL-242CÔNG TY TNHH THƯƠNG MẠI DỊCH VỤ GAS THANH BÌNH,Đại lý tổng,,Thành phố Hồ Chí Minh,Quận Bình Thạnh,"702 Xô Viết Nghệ Tĩnh, Phường 25",saleshcm,Có hiệu lực
225,HỘ KINH DOANH BÌNH AN,ĐL-243HỘ KINH DOANH BÌNH AN,Đại lý tổng,,Tỉnh Bình Dương,Huyện Bàu Bàng,"Đất của bà Lê Thị Thiệp,TĐS 1735-1736, TBĐ 41, ấp Bàu Bàng - Xã Lai Uyên",salesbd,Có hiệu lực
226,CÔNG TY TNHH SẢN XUẤT THƯƠNG MẠI DỊCH VỤ BÁCH NGỌC,ĐL-244CÔNG TY TNHH SẢN XUẤT THƯƠNG MẠI DỊCH VỤ BÁCH NGỌC,Đại lý thứ 2,Cửa Hàng Bán Lẻ LPG Chai Thuận Thành,Tỉnh Bình Dương,Thị xã Bến Cát,"ô52 J45, Đường DJ9, tổ 14, Khu Phố 3b, Phường Thới Hòa",salesbd,Có hiệu lực
227,HỘ KINH DOANH GAS VINH HÙNG,ĐL-245HỘ KINH DOANH GAS VINH HÙNG,Đại lý tổng,,Thành phố Hồ Chí Minh,Quận Tân Phú,"34/39A Hoàng Ngọc Phách, Phường Phú Thọ Hoà",,Có hiệu lực
228,CÔNG TY TNHH MỘT THÀNH VIÊN HAMACO PETRO,ĐL-246CÔNG TY TNHH MỘT THÀNH VIÊN HAMACO PETRO,Đại lý tổng,,Thành phố Cần Thơ,Quận Ninh Kiều,"55 Tầm Vu, Phường Hưng Lợi",saleshcm,Có hiệu lực
229,HỘ KINH DOANH CỬA HÀNG GAS VÀ BẾP GAS CHƯƠNG,ĐL-247HỘ KINH DOANH CỬA HÀNG GAS VÀ BẾP GAS CHƯƠNG,Đại lý tổng,,Thành phố Hồ Chí Minh,Huyện Củ Chi,"Số 113/1, đường 93, tổ 3, ấp Bến Đò 2, Xã Tân Phú Trung",saleshcm,Có hiệu lực
230,HỘ KINH DOANH GAS THÀNH LAI,ĐL-248HỘ KINH DOANH GAS THÀNH LAI,Đại lý tổng,,Thành phố Hồ Chí Minh,Huyện Củ Chi,"Số 268, Tỉnh lộ 8, ấp Mũi Lớn 1, Xã Tân An Hội",saleshcm,Có hiệu lực
231,HỘ KINH DOANH MINH PHONG,ĐL-249HỘ KINH DOANH MINH PHONG,Đại lý tổng,,Thành phố Hồ Chí Minh,Huyện Bình Chánh,"A8/26 ấp 1, Xã Vĩnh Lộc B",saleshcm,Có hiệu lực
232,CÔNG TY TNHH MỘT THÀNH VIÊN GAS HƯNG LONG,ĐL-250CÔNG TY TNHH MỘT THÀNH VIÊN GAS HƯNG LONG,Đại lý tổng,,Tỉnh Bình Dương,Thành phố Dĩ An,"Số 73, Phạm Ngũ Lão, khu phố Thắng Lợi 2, Phường Dĩ An",,Có hiệu lực
233,CÔNG TY TNHH THƯƠNG MẠI DỊCH VỤ SƠN AN PHONG,ĐL-251CÔNG TY TNHH THƯƠNG MẠI DỊCH VỤ SƠN AN PHONG,Đại lý thứ 2,,Tỉnh Bình Dương,Thành phố Thuận An,"Số 35/2 Khu Phố Bình Phước A, Phường Bình Chuẩn",salesbd,Có hiệu lực
234,CÔNG TY TNHH MỘT THÀNH VIÊN THỰC VI THIÊN,ĐL-252CÔNG TY TNHH MỘT THÀNH VIÊN THỰC VI THIÊN,Đại lý thứ 2,,Tỉnh Bình Dương,Thị xã Tân Uyên,"Thửa đất số 178, tờ bản đồ số 33, đường ĐT747B, tổ 6, khu phố Long Bình, Phường Khánh Bình",salesbd,Có hiệu lực
235,HỘ KINH DOANH BẢO CHÂU,ĐL-253HỘ KINH DOANH BẢO CHÂU,Đại lý tổng,,Thành phố Hồ Chí Minh,Huyện Hóc Môn,65/5B ấp Mỹ Hoà 1 X.Trung Chánh,saleshcm,Có hiệu lực
236,CÔNG TY TNHH SẢN XUẤT THƯƠNG MẠI NGŨ KIM HUY HOÀNG,ĐL-254CÔNG TY TNHH SẢN XUẤT THƯƠNG MẠI NGŨ KIM HUY HOÀNG,Đại lý thứ 2,,Tỉnh Bình Dương,Thị xã Tân Uyên,"Thửa đất số 119, tờ bản đồ số 58, đường DH411, tổ 1, Khu phố 6, Phường Uyên Hưng",salesbd,Có hiệu lực
237,Hộ Kinh Doanh Đại Lý LPG Thiên Hương,ĐL-255Hộ Kinh Doanh Đại Lý LPG Thiên Hương,Đại lý tổng,,Thành phố Hồ Chí Minh,Huyện Bình Chánh,"A9/15X7 ấp 1, Xã Tân Kiên",saleshcm,Có hiệu lực
238,HỘ KINH DOANH NGUYỄN TRỌNG THÀNH,ĐL-256HỘ KINH DOANH NGUYỄN TRỌNG THÀNH,Đại lý tổng,,Tỉnh Bình Dương,Thành phố Thuận An,"Kiốt số 1, 39/1 tổ 1C, Ấp Đồng An 2, Xã Bình Hòa",salesbd,Có hiệu lực
239,CÔNG TY CỔ PHẦN GĂNG VIỆT,ĐL-257CÔNG TY CỔ PHẦN GĂNG VIỆT,Đại lý thứ 2,HỘ KINH DOANH THÀNH PHÁT,Tỉnh Bình Dương,Huyện Bàu Bàng,"Thửa đất số 03, Tờ bản đồ số 37, ấp Cầu Sắt, Xã Lai Hưng",salesbd,Có hiệu lực
240,CÔNG TY TNHH MỘT THÀNH VIÊN THƯƠNG MẠI DỊCH VỤ NGŨ KIM HUY GIA,ĐL-258CÔNG TY TNHH MỘT THÀNH VIÊN THƯƠNG MẠI DỊCH VỤ NGŨ KIM HUY GIA,Đại lý thứ 2,,Tỉnh Bình Dương,Thị xã Tân Uyên,"Thửa đất số 444, Tờ bản đồ số 42, Tổ 6, Khu phố 5, Phường Uyên Hưng",salesbd,Có hiệu lực
241,CÔNG TY TNHH THƯƠNG MẠI DỊCH VỤ VIỆT HƯNG,ĐL-259CÔNG TY TNHH THƯƠNG MẠI DỊCH VỤ VIỆT HƯNG,Đại lý tổng,,Thành phố Hồ Chí Minh,Quận Phú Nhuận,"Số 415 Nguyễn Kiệm, Phường 09",saleshcm,Có hiệu lực
242,CÔNG TY TNHH MỘT THÀNH VIÊN THẢO ANH THY,ĐL-260CÔNG TY TNHH MỘT THÀNH VIÊN THẢO ANH THY,Đại lý thứ 2,CÔNG TY TNHH THƯƠNG MẠI DỊCH VỤ VIỆT HƯNG,Thành phố Hồ Chí Minh,Quận Bình Tân,"92/14 Lê Tấn Bê, Khu Phố 2, Phường An Lạc",saleshcm,Có hiệu lực
243,HỘ KINH DOANH CỬA HÀNG LPG VIP HÙNG KHUÊ,ĐL-261HỘ KINH DOANH CỬA HÀNG LPG VIP HÙNG KHUÊ,Đại lý tổng,,Thành phố Hồ Chí Minh,Quận Phú Nhuận,"29/36 Đoàn Thị Điểm, Phường 1",saleshcm,Có hiệu lực
244,CÔNG TY TNHH SẢN XUẤT THƯƠNG MẠI DỊCH VỤ PHÚ MINH HƯNG,ĐL-262CÔNG TY TNHH SẢN XUẤT THƯƠNG MẠI DỊCH VỤ PHÚ MINH HƯNG,Đại lý thứ 2,,Tỉnh Bình Dương,Huyện Bàu Bàng,"Số 30, tổ 2, ấp Đồng Sổ, Thị trấn Lai Uyên",salesbd,Có hiệu lực
245,CÔNG TY TNHH MỘT THÀNH VIÊN THƯƠNG MẠI DỊCH VỤ MẠNH HOÀNG PHÁT,ĐL-263CÔNG TY TNHH MỘT THÀNH VIÊN THƯƠNG MẠI DỊCH VỤ MẠNH HOÀNG PHÁT,Đại lý thứ 2,,Tỉnh Bình Dương,Thị xã Tân Uyên,"Thửa đất số 848, tờ bản đồ số 7, tổ 9, khu phố Tân Hóa, Phường Tân Vĩnh Hiệp",salesbd,Có hiệu lực
246,ĐẠI LÝ HƯNG THỊNH 1,ĐL-264ĐẠI LÝ HƯNG THỊNH 1,Đại lý thứ 2,CỬA HÀNG GAS PHƯỚC HƯNG,Tỉnh Bình Dương,Thị xã Tân Uyên,Thửa đất số 568 – Tờ bản đồ số 37 – Tổ 1 – KP. Tân Phú – P. Tân Hiệp,salesbd,Có hiệu lực
247,CÔNG TY TNHH MỘT THÀNH VIÊN SẢN XUẤT THƯƠNG MẠI DỊCH VỤ ĐẠI LIÊN CƯỜNG,ĐL-265CÔNG TY TNHH MỘT THÀNH VIÊN SẢN XUẤT THƯƠNG MẠI DỊCH VỤ ĐẠI LIÊN CƯỜNG,Đại lý thứ 2,Cửa Hàng Bán Lẻ LPG Chai Đông Thành MP,Tỉnh Bình Dương,Thị xã Tân Uyên,"Thửa đất 297, Tờ bản đồ 20, ấp Hóa Nhựt, Phường Tân Vĩnh Hiệp",salesbd,Có hiệu lực
248,HỘ KINH DOANH ĐỨC THẮNG DỤNG,ĐL-266HỘ KINH DOANH ĐỨC THẮNG DỤNG,Đại lý tổng,,Tỉnh Đồng Nai,Thành phố Biên Hòa,"136, Nguyễn Văn Tiên, Kp11, Phường Tân Phong",salesbd,Có hiệu lực
249,HỘ KINH DOANH HÙNG - TIÊN,ĐL-267HỘ KINH DOANH HÙNG - TIÊN,Đại lý tổng,,Tỉnh Bình Phước,Thị xã Phước Long,"Khu phố Long Điền 1, phường Long Phước",salesbd,Có hiệu lực
250,CÔNG TY TNHH THƯƠNG MẠI TRUNG NGUYÊN ANH,ĐL-268CÔNG TY TNHH THƯƠNG MẠI TRUNG NGUYÊN ANH,Đại lý tổng,,Thành phố Hồ Chí Minh,Quận 12,"113/11/49/6B Đường TCH 33, Khu phố 7, phường Tân Chánh Hiệp",,Có hiệu lực
251,TRƯỜNG MẦM NON TÂN KHAI B,ĐL-269TRƯỜNG MẦM NON TÂN KHAI B,Đại lý thứ 2,HỘ KINH DOANH - ĐẠI LÝ GA MINH CHÂU,Tỉnh Bình Phước,Huyện Hớn Quản,"QL 13, tổ 1, ấp 1, Xã Tân Khai",salesbd,Có hiệu lực
252,TRƯỜNG MẪU GIÁO THANH AN,ĐL-270TRƯỜNG MẪU GIÁO THANH AN,Đại lý thứ 2,HỘ KINH DOANH - ĐẠI LÝ GA MINH CHÂU,Tỉnh Bình Phước,Huyện Hớn Quản,"Xã Thanh An, Xã Thanh An",salesbd,Có hiệu lực
253,TRƯỜNG MẦM NON TÂN KHAI,ĐL-271TRƯỜNG MẦM NON TÂN KHAI,Đại lý thứ 2,HỘ KINH DOANH - ĐẠI LÝ GA MINH CHÂU,Tỉnh Bình Phước,Huyện Hớn Quản,"ấp 2, Xã Tân Khai, Thị trấn Tân Khai",salesbd,Có hiệu lực
254,HỘ KINH DOANH GAS HOÀNG TÙNG,ĐL-272HỘ KINH DOANH GAS HOÀNG TÙNG,Đại lý tổng,,Tỉnh Đồng Nai,Huyện Vĩnh Cửu,"Tổ 18, ấp ông Hường, Xã Thiện Tân",salesbd,Có hiệu lực
255,HỘ KINH DOANH THẢO LOAN,ĐL-273HỘ KINH DOANH THẢO LOAN,Đại lý tổng,,Thành phố Hồ Chí Minh,Quận 12,"179/9 Tổ 43, Khu phố 4, phường Trung Mỹ Tây",saleshcm,Có hiệu lực
256,HỘ KINH DOANH HOÀNG GIA QUÁN,ĐL-274HỘ KINH DOANH HOÀNG GIA QUÁN,Đại lý thứ 2,Cửa Hàng Bán Lẻ LPG Chai Tài Lộc,Tỉnh Bình Dương,Thị xã Bến Cát,"Đất thuê của ông Lý Ngọc; ấp Kiến Điền, Xã An Điền",salesbd,Có hiệu lực
257,DOANH NGHIỆP TƯ NHÂN GAS HÙNG VUI,ĐL-275DOANH NGHIỆP TƯ NHÂN GAS HÙNG VUI,Đại lý thứ 2,CỬA HÀNG GAS PHƯỚC HƯNG,Tỉnh Bình Dương,Thị xã Tân Uyên,"Thửa đất số 937, tờ bản đồ số 4, đường số 27 D2B, tổ 3, khu phố 1, Phường Vĩnh Tân",salesbd,Có hiệu lực
258,CÔNG TY TNHH MỘT THÀNH VIÊN SƠN AN LẬP,ĐL-276CÔNG TY TNHH MỘT THÀNH VIÊN SƠN AN LẬP,Đại lý thứ 2,CÔNG TY TNHH THƯƠNG MẠI DỊCH VỤ VIỆT HƯNG,Tỉnh Bình Dương,Thị xã Bến Cát,"Số 24, Đường DB3, Khu phố 2, Phường Mỹ Phước",saleshcm,Có hiệu lực
259,HỘ KINH DOANH ĐẠI LÝ KHÍ LPG 826,ĐL-277HỘ KINH DOANH ĐẠI LÝ KHÍ LPG 826,Đại lý tổng,,Thành phố Hồ Chí Minh,Quận Bình Thạnh,"238 Bình Quới, Phường 28",saleshcm,Có hiệu lực
260,HỘ KINH DOANH THIÊN TẠO - LAI THẢO,ĐL-278HỘ KINH DOANH THIÊN TẠO - LAI THẢO,Đại lý thứ 2,Hộ Kinh Doanh Quốc Tiến,Tỉnh Bình Dương,Thị xã Bến Cát,"Số 156, đường ĐT744, ấp Dòng Sỏi, xã An Tây",salesbd,Có hiệu lực
261,CỬA HÀNG GAS - BẾP GAS NGUYỄN BÌNH,ĐL-279CỬA HÀNG GAS - BẾP GAS NGUYỄN BÌNH,Đại lý tổng,,Tỉnh Bình Dương,Thị xã Bến Cát,"Số 247 ấp Kiến An, xã An Điền",salesbd,Có hiệu lực
262,ĐẠI LÝ GAS THUẬN AN,ĐL-366 THUẬN AN,Đại lý thứ 2,HỘ KINH DOANH NGUYỄN TRỌNG THÀNH,Tỉnh Bình Dương,Thành phố Thuận An,"1/DC77/Ô75,KDC Việt Sing, khu phố Hòa Lân 2, Phường Thuận Giao",salesbd,Có hiệu lực
263,CÔNG TY TNHH CÔNG NGHIỆP NHỰA TAI JAAN (VIỆT NAM),ĐL-281CÔNG TY TNHH CÔNG NGHIỆP NHỰA TAI JAAN (VIỆT NAM),Đại lý thứ 2,Cửa Hàng Bán Lẻ LPG Chai Đông Thành MP,Tỉnh Bình Dương,Thị xã Bến Cát,"Lô M-1a-CN, đường D9, khu công nghiệp Mỹ Phước, Phường Thới Hòa",salesbd,Có hiệu lực
264,CÔNG TY TNHH NHÀ HÀNG SHE JIAN WEI DAO,ĐL-282CÔNG TY TNHH NHÀ HÀNG SHE JIAN WEI DAO,Đại lý thứ 2,Cửa Hàng Bán Lẻ LPG Chai Đông Thành MP,Tỉnh Bình Dương,Thị xã Bến Cát,"Số 6, Lô N, Đường DA 1-2, KCN Mỹ Phước 2, Phường Mỹ Phước",salesbd,Có hiệu lực
265,CÔNG TY TNHH MỘT THÀNH VIÊN DƯƠNG CÁT THÀNH,ĐL-283CÔNG TY TNHH MỘT THÀNH VIÊN DƯƠNG CÁT THÀNH,Đại lý thứ 2,Hộ Kinh Doanh Quốc Tiến,Tỉnh Bình Dương,Huyện Bàu Bàng,"Số 300, ấp Bến Tượng, Xã Lai Hưng",salesbd,Có hiệu lực
266,CÔNG TY TNHH SX & TM SƠN HẢI THỊNH,ĐL-284CÔNG TY TNHH SX & TM SƠN HẢI THỊNH,Đại lý thứ 2,,Tỉnh Bình Dương,Thị xã Tân Uyên,"Thửa đất số 266, Tờ bản đồ số 16, khu phố Tân Ba, PhườngThái Hòa",salesbd,Có hiệu lực
267,CÔNG TY TNHH ITM,ĐL-285CÔNG TY TNHH ITM,Đại lý thứ 2,Cửa Hàng Bán Lẻ LPG Chai Đông Thành MP,Tỉnh Bình Dương,Thị xã Bến Cát,"Lô B-6B1-CN, khu công nghiệp Mỹ Phước 3, Phường Mỹ Phước",salesbd,Có hiệu lực
268,CÔNG TY TNHH SÔNG HỒNG TÂN,ĐL-286CÔNG TY TNHH SÔNG HỒNG TÂN,Đại lý thứ 2,HỘ KINH DOANH NGUYỄN TRỌNG THÀNH,Tỉnh Đồng Nai,Thành phố Biên Hòa,"Số 753, Đường Xa Lộ Hà Nội, Khu Phố 3, Phường Long Bình",salesbd,Có hiệu lực
269,HỘ KINH DOANH HỒNG PHÁT,ĐL-287HỘ KINH DOANH HỒNG PHÁT,Đại lý tổng,,Thành phố Hồ Chí Minh,Huyện Củ Chi,"Số 10A, đường Giáp Hải, tổ 7, khu phố 8, thị trấn Củ Chi",saleshcm,Có hiệu lực
270,HỘ KINH DOANH ĐẠI THÀNH PHÁT,ĐL-288HỘ KINH DOANH ĐẠI THÀNH PHÁT,Đại lý tổng,,Thành phố Hồ Chí Minh,Quận 4,"I5 Khu Tái Thiết Khánh Hội, phường 06",saleshcm,Có hiệu lực
271,ĐẠI LÝ GAS NGỌC MINH,ĐL-289ĐẠI LÝ GAS NGỌC MINH,Đại lý tổng,,Tỉnh Bình Dương,Thị xã Bến Cát,"Đường DB5, Khu phố 3, Phường Mỹ Phước",salesbd,Có hiệu lực
272,CÔNG TY TNHH NHÀ HÀNG ẨM THỰC AXIANG,ĐL-290CÔNG TY TNHH NHÀ HÀNG ẨM THỰC AXIANG,Đại lý thứ 2,GAS THỊNH PHÁT THỚI HÒA,Tỉnh Bình Dương,Thị xã Bến Cát,"Thửa đất số 6576, tờ bản đồ số 63, đường XC1, khu phố 3, Phường Mỹ Phước",salesbd,Có hiệu lực
273,HỘ KINH DOANH GAS XUÂN DƯƠNG,ĐL-291HỘ KINH DOANH GAS XUÂN DƯƠNG,Đại lý thứ 2,CỬA HÀNG BÁN LẺ LPG CHAI MẠNH ĐẠT,Tỉnh Bình Dương,Thị xã Tân Uyên,Thửa đất số 913 - tờ bản đồ số 33 - tổ 6 - KP. Long Bình - P. Khánh Bình,salesbd,Có hiệu lực
274,Đại Lý Gas Hải Phương (HUỲNH QUỐC ĐẠT),ĐL-292Đại Lý Gas Hải Phương (HUỲNH QUỐC ĐẠT),Đại lý thứ 2,Hộ Kinh Doanh  LPG Chai Hải Phương,Thành phố Hồ Chí Minh,Quận 7,"431 Lê Văn Lương, Phường Tân Phong, Quận 7",,Có hiệu lực
275,HỘ KINH DOANH HOÀNG VŨ,ĐL-293HỘ KINH DOANH HOÀNG VŨ,Đại lý tổng,,Tỉnh Bình Dương,Huyện Bàu Bàng,"Số 364 QL 13, Ấp Xà Mách, Thị trấn Lai Uyên",salesbd,Có hiệu lực
276,CÔNG TY TNHH MỘT THÀNH VIÊN DỊCH VỤ ĂN UỐNG LỘC PHÁT,ĐL-294CÔNG TY TNHH MỘT THÀNH VIÊN DỊCH VỤ ĂN UỐNG LỘC PHÁT,Đại lý thứ 2,Cửa Hàng Bán Lẻ LPG Chai Phương Anh,Tỉnh Bình Phước,Huyện Hớn Quản,"ấp 1, Xã Đồng Nơ",salesbd,Có hiệu lực
277,CÔNG TY CP THƯƠNG MẠI XÂY DỰNG VẬN TẢI DẦU KHÍ MIỀN ĐÔNG,ĐL-295CÔNG TY CP THƯƠNG MẠI XÂY DỰNG VẬN TẢI DẦU KHÍ MIỀN ĐÔNG,Đại lý tổng,,Tỉnh Bình Dương,Thành phố Thuận An,"Số 88A/1/12A Đường ĐT743B, Kp Đồng An 3, Phường Bình Hòa",,Có hiệu lực
278,CÔNG TY TNHH CƠM ĐÀO,ĐL-296CÔNG TY TNHH CƠM ĐÀO,Đại lý thứ 2,HỘ KINH DOANH THÀNH PHÁT,Tỉnh Bình Dương,Huyện Bàu Bàng,"Thửa đất số 1891, Tờ bản đồ số 56, Đường D2, Tổ 6, Khu phố Đồng Sổ, Thị trấn Lai Uyên",salesbd,Có hiệu lực
279,CÔNG TY TNHH TURBO VINA,ĐL-297CÔNG TY TNHH TURBO VINA,Đại lý thứ 2,Công ty TNHH Một Thành Viên Gas Mỹ Phước,Tỉnh Bình Dương,Thị xã Bến Cát,"Lô B_3A6_CN, Đường NE5A, Khu công nghiệp Mỹ Phước 3, Phường Thới Hòa",salesbd,Có hiệu lực
280,CÔNG TY TNHH THƯƠNG MẠI DỊCH VỤ QUÁN ĐỈNH,ĐL-298CÔNG TY TNHH THƯƠNG MẠI DỊCH VỤ QUÁN ĐỈNH,Đại lý thứ 2,Cửa Hàng Bán Lẻ LPG Chai Đông Thành MP,Tỉnh Bình Dương,Thị xã Bến Cát,"Số 46 đường NC1, khu phố 3, Phường Mỹ Phước",salesbd,Có hiệu lực
281,CÔNG TY TNHH KINH DOANH TỔNG HỢP VIỆT THUẬN,ĐL-299CÔNG TY TNHH KINH DOANH TỔNG HỢP VIỆT THUẬN,Đại lý tổng,,Tỉnh Bình Dương,Thị xã Bến Cát,"Thửa đất số 3839, Tờ bản đồ số 20, Đường DE1, Khu phố 4, Phường Thới Hòa",salesbd,Có hiệu lực
282,HỘ KINH DOANH KIM KIM PHƯỢNG,ĐL-300HỘ KINH DOANH KIM KIM PHƯỢNG,Đại lý thứ 2,Công ty TNHH Một Thành Viên Gas Mỹ Phước,Tỉnh Tây Ninh,Thành phố Tây Ninh,"Số 150 Ấp Thạnh Hiệp, xã Thạnh Tân",salesbd,Có hiệu lực
283,CƠ SỞ VŨ TUẤN,ĐL-301CƠ SỞ VŨ TUẤN,Đại lý thứ 2,CÔNG TY TNHH THƯƠNG MẠI KHÍ HÓA LỎNG HƯỚNG DƯƠNG,Tỉnh Tây Ninh,Huyện Tân Biên,"Ấp Suối Mây, xã Thạnh Bắc",salesbd,Có hiệu lực
284,CÔNG TY TNHH NHÀ HÀNG MỸ GIA MỸ,ĐL-302CÔNG TY TNHH NHÀ HÀNG MỸ GIA MỸ,Đại lý thứ 2,CÔNG TY TNHH THƯƠNG MẠI DỊCH VỤ VIỆT HƯNG,Thành phố Hồ Chí Minh,Quận 1,"82 Ter Võ Thị Sáu, Phường Tân Định, Quận 1",saleshcm,Có hiệu lực
285,HỘ KINH DOANH HÂN HƯƠNG,ĐL-303HỘ KINH DOANH HÂN HƯƠNG,Đại lý thứ 2,CÔNG TY TNHH THƯƠNG MẠI KHÍ HÓA LỎNG HƯỚNG DƯƠNG,Tỉnh Tây Ninh,Huyện Tân Biên,"Số 1051, ấp Thạnh Tây, xã Thạnh Tây",salesbd,Có hiệu lực
286,HỘ KINH DOANH KIM HOÀNG,ĐL-304HỘ KINH DOANH KIM HOÀNG,Đại lý thứ 2,CÔNG TY TNHH THƯƠNG MẠI KHÍ HÓA LỎNG HƯỚNG DƯƠNG,Tỉnh Tây Ninh,Huyện Châu Thành,"Tổ 19, ấp Long Châu, Xã Long Vĩnh",salesbd,Có hiệu lực
287,ĐẠI LÝ GAS LPG NHÂN PHÁT TÀI,ĐL-305ĐẠI LÝ GAS LPG NHÂN PHÁT TÀI,Đại lý thứ 2,CÔNG TY TNHH THƯƠNG MẠI KHÍ HÓA LỎNG HƯỚNG DƯƠNG,Tỉnh Tây Ninh,Thị xã Hòa Thành,"Số 1A, tổ 1, đường số 23, đường Sân Cu, khu phố Sân Cu, phường Long Thành Bắc",salesbd,Có hiệu lực
288,CÔNG TY TNHH CHÁO MẸ NẤU,ĐL-306CÔNG TY TNHH CHÁO MẸ NẤU,Đại lý thứ 2,GAS KHÁNH VÂN,Thành phố Hồ Chí Minh,Quận 7,509A Huỳnh Tấn Phát - Phường Tân Thuận Đông ,saleshcm,Có hiệu lực
289,CÔNG TY TNHH SEN VEGAN HOUSE,ĐL-307CÔNG TY TNHH SEN VEGAN HOUSE,Đại lý thứ 2,HỘ KINH DOANH ĐẠI THÀNH PHÁT,Thành phố Hồ Chí Minh,Quận 1,"93-95 Phó Đức Chính, Phường Nguyễn Thái Bình",saleshcm,Có hiệu lực
290,HỘ KINH DOANH LẸ,ĐL-308HỘ KINH DOANH LẸ,Đại lý tổng,,Thành phố Hồ Chí Minh,Quận 7,"6/3A, Lê Văn Lương, Phường Tân Phong",saleshcm,Có hiệu lực
291,CÔNG TY TNHH UM JI GAM JA THANG,ĐL-309CÔNG TY TNHH UM JI GAM JA THANG,Đại lý thứ 2,GAS KHÁNH VÂN,Thành phố Hồ Chí Minh,Quận 7,"R4 - 40 Nội Khu Hưng Phước 4, Phường Tân Phong",saleshcm,Có hiệu lực
292,CỬA HÀNG LPG LẸ,ĐL-310CỬA HÀNG LPG LẸ,Đại lý thứ 2,HỘ KINH DOANH LẸ,Tỉnh Long An,Huyện Cần Giuộc,"143, đường ĐT 826C, Ấp 1, xã Phước Vĩnh Tây",saleshcm,Có hiệu lực
293,CÔNG TY TNHH ĐUNG GI CHICKEN B.B.Q,ĐL-311CÔNG TY TNHH ĐUNG GI CHICKEN B.B.Q,Đại lý thứ 2,GAS KHÁNH VÂN,Thành phố Hồ Chí Minh,Quận 7,"R3-60 Hưng Phước 3, Phú Mỹ Hưng, Phường Tân Phong",saleshcm,Có hiệu lực
298,Công ty TNHH MTV Dầu Khí Đông Sài Gòn,TĐL-001Công ty TNHH MTV Dầu Khí Đông Sài Gòn,Đại lý tổng,,Thành phố Hồ Chí Minh,Thành phố Thủ Đức,"36 - 38 Nguyễn Văn Tăng, Phường Long Thạnh Mỹ",,Có hiệu lực
299,Công ty TNHH Dầu khí Long Thuận,TĐL-002Công ty TNHH Dầu khí Long Thuận,Đại lý tổng,,Thành phố Hồ Chí Minh,Thành phố Thủ Đức,"408/3 Nguyễn Xiển, Phường Long Thạnh Mỹ",,Có hiệu lực
300,CÔNG TY TNHH MỘT THÀNH VIÊN HÙNG HÀO PHÁT,TĐL-003CÔNG TY TNHH MỘT THÀNH VIÊN HÙNG HÀO PHÁT,Đại lý tổng,,Tỉnh Bình Dương,Thành phố Dĩ An,"Thửa đất số 1091, tờ bản đồ số E5.1, Khu phố Tân Thắng, Phường Tân Bình",,Có hiệu lực
301,Công ty TNHH MTV Dầu Khí An Tâm,TĐL-004Công ty TNHH MTV Dầu Khí An Tâm,Đại lý tổng,,Thành phố Hồ Chí Minh,Quận Bình Tân,"212 Liên Khu 4-5, Khu phố 4, phường Bình Hưng Hòa",saleshcm,Có hiệu lực
302,CÔNG TY TNHH KHÁNH KIM HẢI,TĐL-005CÔNG TY TNHH KHÁNH KIM HẢI,Đại lý tổng,,Tỉnh Đồng Nai,Thành phố Long Khánh,"Số A101, KP1, Phường Xuân Bình ",salesbd,Có hiệu lực
303,CÔNG TY TNHH DẦU KHÍ CHÍNH SỸ,TĐL-006CÔNG TY TNHH DẦU KHÍ CHÍNH SỸ,Đại lý tổng,,Tỉnh Bình Dương,Thị xã Tân Uyên,"Số 496 Tổ 3, Khu phố 3, Phường Hội Nghĩa",,Có hiệu lực
304,Công ty TNHH TM Khai Cờ,TĐL-008Công ty TNHH TM Khai Cờ,Đại lý tổng,,Thành phố Hồ Chí Minh,Quận 5,"85 An Bình, phường 6",,Có hiệu lực
305,CÔNG TY TNHH MỘT THÀNH VIÊN LPG THANH TRÚC,TĐL-009CÔNG TY TNHH MỘT THÀNH VIÊN LPG THANH TRÚC,Đại lý tổng,,Thành phố Hồ Chí Minh,Thành phố Thủ Đức,"61/1G/1D Đường Gò Cát, Phường Phú Hữu",,Có hiệu lực
306,Công Ty TNHH MTV Gas Cầu Ván,TĐL-010Công Ty TNHH MTV Gas Cầu Ván,Đại lý tổng,,Tỉnh Long An,Huyện Bến Lức,"188A, Ấp 2, Xã Thạnh Đức",,Có hiệu lực
307,Công Ty TNHH Gas Quang Khoa,TĐL-011Công Ty TNHH Gas Quang Khoa,Đại lý tổng,,Tỉnh Long An,Huyện Bến Lức,"Quốc Lộ 1, Ấp 2, Xã Thạnh Đức",,Có hiệu lực
308,CÔNG TY TNHH MỘT THÀNH VIÊN GAS ÁNH NGỌC,TĐL-138CÔNG TY TNHH MỘT THÀNH VIÊN GAS ÁNH NGỌC,Đại lý tổng,,Tỉnh Long An,Huyện Bến Lức,"127, ấp Voi Lá - Xã Long Hiệp",,Có hiệu lực
309,CÔNG TY TNHH MỘT THÀNH VIÊN DẦU KHÍ HOÀNG AN,TĐL-148CÔNG TY TNHH MỘT THÀNH VIÊN DẦU KHÍ HOÀNG AN,Đại lý tổng,,Tỉnh Bình Dương,Thị xã Tân Uyên,"Số 496, Tổ 3, Khu Phố 3, Phường Hội Nghĩa",,Có hiệu lực
310,CÔNG TY TNHH MTV KINH DOANH KHÍ HÓA LỎNG HOÀNG LONG,TĐL-150CÔNG TY TNHH MTV KINH DOANH KHÍ HÓA LỎNG HOÀNG LONG,Đại lý tổng,,Tỉnh Long An,Huyện Tân Trụ,"Số 177, Ấp 4, Xã Tân Bình",saleshcm,Có hiệu lực
311,HOÀNG ĐỨC HUỲNH (ĐẠI LÝ GAS ĐỨC MINH),TĐL-154HOÀNG ĐỨC HUỲNH (ĐẠI LÝ GAS ĐỨC MINH),Đại lý tổng,,Tỉnh Long An,Huyện Cần Giuộc,"870 Đường Tỉnh 835A, Ấp Lộc Tiền, Xã Mỹ Lộc",,Có hiệu lực
312,CÔNG TY TNHH KINH DOANH KHÍ THIÊN HÒA PHÁT,TĐL-160CÔNG TY TNHH KINH DOANH KHÍ THIÊN HÒA PHÁT,Đại lý tổng,,Thành phố Cần Thơ,Quận Bình Thuỷ,"26C Tổ 1, KV Bình Chánh, Phường Long Hòa",,Có hiệu lực
313,CÔNG TY TNHH GAS THU NGỌC,TĐL-161CÔNG TY TNHH GAS THU NGỌC,Đại lý tổng,,Tỉnh Vĩnh Long,Thành phố Vĩnh Long,"Số 101A, đường 14 tháng 9, Phường 5",saleshcm,Có hiệu lực
314,CÔNG TY CỔ PHẦN GIÁO DỤC LIÊN MINH BÁCH KHOA,ĐL-312CÔNG TY CỔ PHẦN GIÁO DỤC LIÊN MINH BÁCH KHOA,Đại lý thứ 2,GAS KHÁNH VÂN,Thành phố Hồ Chí Minh,Quận 11,"299/3A Lý Thường Kiệt, Phường 15",saleshcm,Có hiệu lực
315,ĐẠI LÝ GAS MINH ANH,ĐL-313ĐẠI LÝ GAS MINH ANH,Đại lý thứ 2,CÔNG TY TNHH THƯƠNG MẠI KHÍ HÓA LỎNG HƯỚNG DƯƠNG,Tỉnh Tây Ninh,Thị xã Trảng Bàng,"Ấp An Lợi, xã An Hòa",salesbd,Có hiệu lực
316,CÔNG TY TNHH NEW STAR GOLF (VIỆT NAM),ĐL-314CÔNG TY TNHH NEW STAR GOLF (VIỆT NAM),Đại lý thứ 2,Cửa Hàng Bán Lẻ LPG Chai Đông Thành MP,Tỉnh Bình Dương,Thị xã Bến Cát,"Lô F-9C-CN, khu công nghiệp Mỹ Phước 2, Phường Mỹ Phước",salesbd,Có hiệu lực
317,CÔNG TY TNHH MỘT THÀNH VIÊN DỊCH VỤ DU LỊCH HÀNG HẢI MEKONG,ĐL-315CÔNG TY TNHH MỘT THÀNH VIÊN DỊCH VỤ DU LỊCH HÀNG HẢI MEKONG,Đại lý thứ 2,GAS KHÁNH VÂN,Thành phố Hồ Chí Minh,Quận 7,"29/10 Đường số 1, Khu phố 3, Phường Bình Thuận",saleshcm,Có hiệu lực
318,HỘ KINH DOANH THÁI BÌNH,ĐL-316HỘ KINH DOANH THÁI BÌNH,Đại lý thứ 2,CỬA HÀNG GAS PHƯỚC HƯNG,Tỉnh Bình Dương,Thị xã Tân Uyên,Thửa đất số 366 - Tờ bản đồ số 31- Tổ 6 - KP 5 - P. Vĩnh Tân,salesbd,Có hiệu lực
319,HỘ KINH DOANH KHÔI PHÁT GAS,ĐL-317HỘ KINH DOANH KHÔI PHÁT GAS,Đại lý thứ 2,CỬA HÀNG GAS PHƯỚC HƯNG,Tỉnh Bình Dương,Thành phố Thuận An,"85/4 đường Thạnh Quý, Khu phố Thạnh Quý, Phường An Thạnh",salesbd,Có hiệu lực
320,CÔNG TY TNHH DỊCH VỤ THƯƠNG MẠI DU XUÂN,ĐL-318CÔNG TY TNHH DỊCH VỤ THƯƠNG MẠI DU XUÂN,Đại lý thứ 2,CÔNG TY TNHH THƯƠNG MẠI DỊCH VỤ VIỆT HƯNG,Thành phố Hồ Chí Minh,Quận 1,"Số 3 Trần Khắc Chân, Phường Tân Định",saleshcm,Có hiệu lực
321,CÔNG TY TNHH CƠ KHÍ VÀ XÂY DỰNG GLOBAL QHC,ĐL-319CÔNG TY TNHH CƠ KHÍ VÀ XÂY DỰNG GLOBAL QHC,Đại lý thứ 2,CÔNG TY TNHH THƯƠNG MẠI DỊCH VỤ VIỆT HƯNG,Tỉnh Đồng Nai,Thành phố Biên Hòa,"81A, Tổ 9, KP 4, Phường Trảng Dài",saleshcm,Có hiệu lực
322,BẾP ĂN BÁN TRÚ,ĐL-320BẾP ĂN BÁN TRÚ,Đại lý thứ 2,Cửa Hàng Bán Lẻ LPG Chai Phương Anh,Tỉnh Bình Phước,Huyện Chơn Thành,"Ấp 02, Xã Minh Long",salesbd,Có hiệu lực
323,CÔNG TY TNHH MỘT THÀNH VIÊN CƠM HẢO,ĐL-324CÔNG TY TNHH MỘT THÀNH VIÊN CƠM HẢO,Đại lý thứ 2,CỬA HÀNG GAS PHƯỚC HƯNG,Tỉnh Bình Dương,Thị xã Tân Uyên,"Số 81, Tổ 2, Khu phố 6, Phường Vĩnh Tân",salesbd,Có hiệu lực
324,CÔNG TY TNHH BẾP GAS THUẬN THÀNH,ĐL-325CÔNG TY TNHH BẾP GAS THUẬN THÀNH,Đại lý thứ 2,CỬA HÀNG GAS THUẬN THÀNH,Tỉnh Bình Dương,Thành phố Dĩ An,"F7, đường số 5, KP Bình Đường 2, Phường An Bình",salesbd,Có hiệu lực
325,CÔNG TY TNHH CÔNG NGHỆ BAO BÌ YUTO BÌNH DƯƠNG,ĐL-326CÔNG TY TNHH CÔNG NGHỆ BAO BÌ YUTO BÌNH DƯƠNG,Đại lý thứ 2,CỬA HÀNG BÁN LẺ LPG CHAI MẠNH ĐẠT,Tỉnh Bình Dương,Thị xã Bến Cát,"338, Đường DT741, ấp An Hòa, Phường Hòa Lợi",salesbd,Có hiệu lực
326,CÔNG TY TNHH KISWIRE VIỆT NAM,ĐL-327CÔNG TY TNHH KISWIRE VIỆT NAM,Đại lý thứ 2,HỘ KINH DOANH AN BÌNH ( ĐỖ THỊ BÍCH LIÊN),Tỉnh Bình Dương,Thị xã Tân Uyên,"Thửa đất số 320 tờ bản đồ số 59, Khu phố 7, Phường Uyên Hưng",salesbd,Có hiệu lực
327,CÔNG TY TNHH MỘT THÀNH VIÊN NGỌC NHUNG HÀ,ĐL-328CÔNG TY TNHH MỘT THÀNH VIÊN NGỌC NHUNG HÀ,Đại lý thứ 2,CỬA HÀNG BÁN LẺ LPG CHAI GAS NGỌC PHÁN,Tỉnh Bình Dương,Huyện Bàu Bàng,"Lô A-5A-CN, khu công nghiệp Bàu Bàng, Thị trấn Lai Uyên",salesbd,Có hiệu lực
328,CÔNG TY TNHH MỘT THÀNH VIÊN PHÂN PHỐI GAS THANH HIẾU,ĐL-329CÔNG TY TNHH MỘT THÀNH VIÊN PHÂN PHỐI GAS THANH HIẾU,Đại lý tổng,,Tỉnh Bình Dương,Huyện Bàu Bàng,"Đất của ông Lê Văn Việt, Đường D6, Tổ 16, ấp Đồng Sổ, thị trấn Lai Uyên",saleshcm,Có hiệu lực
329,CÔNG TY TNHH MTV SUẤT ĂN CÔNG NGHIỆP CÔ BÉO,ĐL-330CÔNG TY TNHH MTV SUẤT ĂN CÔNG NGHIỆP CÔ BÉO,Đại lý thứ 2,CỬA HÀNG GAS PHƯỚC HƯNG,Tỉnh Bình Dương,Huyện Bàu Bàng,"Đất của ông Lê Đình Chinh, Tổ 16, ấp Đồng Sổ, thị trấn Lai Uyên",salesbd,Có hiệu lực
330,CÔNG TY TNHH MTV THƯƠNG MẠI DỊCH VỤ HUỲNH THANH TÂN,ĐL-331CÔNG TY TNHH MTV THƯƠNG MẠI DỊCH VỤ HUỲNH THANH TÂN,Đại lý thứ 2,Cửa Hàng Bán Lẻ LPG Chai Phương Anh,Tỉnh Bình Phước,Huyện Chơn Thành,"Tổ 5, Khu phố 8, Phường Hưng Long",salesbd,Có hiệu lực
331,CÔNG TY TNHH SUẤT ĂN CÔNG NGHIỆP ĐỨC PHÁT,ĐL-332CÔNG TY TNHH SUẤT ĂN CÔNG NGHIỆP ĐỨC PHÁT,Đại lý thứ 2,CÔNG TY TNHH SUẤT ĂN CÔNG NGHIỆP ĐỨC PHÁT,Tỉnh Bình Phước,Huyện Chơn Thành,"Số 26 Quốc lộ 13, Tổ 10, Khu phố 6, Thị trấn Chơn Thành",salesbd,Có hiệu lực
332,CÔNG TY TNHH TNA FOOD,ĐL-333CÔNG TY TNHH TNA FOOD,Đại lý thứ 2,HỘ KINH DOANH NGUYỄN TRỌNG THÀNH,Tỉnh Bình Dương,Thành phố Thủ Dầu Một,"40/22 Nguyễn Văn Lộng, ấp Chánh Lộc, xã Chánh Mỹ",salesbd,Có hiệu lực
333,CÔNG TY TNHH XUẤT NHẬP KHẨU KỲ MỸ,ĐL-334CÔNG TY TNHH XUẤT NHẬP KHẨU KỲ MỸ,Đại lý thứ 2,CÔNG TY TNHH THƯƠNG MẠI DỊCH VỤ VIỆT HƯNG,Tỉnh Bình Dương,Thị xã Tân Uyên,"TĐS 583, TBĐS 6, Tổ 5, kp. Khánh Lộc, Phường Tân Phước Khánh",saleshcm,Có hiệu lực
334,CỬA HÀNG YẾN LINH (VŨ ĐÌNH TƯỞNG),ĐL-335CỬA HÀNG YẾN LINH (VŨ ĐÌNH TƯỞNG),Đại lý thứ 2,CỬA HÀNG BÁN LẺ LPG CHAI MẠNH ĐẠT,Thành phố Hồ Chí Minh,Huyện Bình Chánh,"A11/5B Nguyễn Cửu Phú, ấp 1, Tổ 1, Xã Tân Kiên",salesbd,Có hiệu lực
335,ĐẠI LÝ GAS NGỌC BÍCH,ĐL-336ĐẠI LÝ GAS NGỌC BÍCH,Đại lý tổng,,Tỉnh Bình Dương,Thị xã Tân Uyên,"Thửa đất số 279, tờ bản đồ số 18, đường ĐH-409, tổ 3, khu phố 6, Phường Vĩnh Tân",salesbd,Có hiệu lực
336,HONDA TÂN TIẾN (NGUYỄN THỊ NGỌC PHƯỢNG),ĐL-337PHƯỢNG MÓT,Đại lý thứ 2,CỬA HÀNG BÁN LẺ LPG CHAI GAS NGỌC PHÁN,Tỉnh Bình Dương,Thị xã Bến Cát,"Thửa Đất Số 1462, Tờ Bản Đồ Số 59, Tổ 3, Khu Phố 3, Phường Mỹ Phước",salesbd,Có hiệu lực
337,HỘ KINH DOANH LỤC VĂN CHÂU,ĐL-338LỤC VĂN CHÂU (THANH THÚY),Đại lý tổng,,Tỉnh Bình Dương,Thị xã Tân Uyên,"Nhà xưởng số 15 và số 16, Lô S, Đường D6, N12, Khu công nghiệp Nam Tân Uyên, Phường Khánh Bình",salesbd,Có hiệu lực
338,HỘ KINH DOANH MAI VĂN TỈNH,ĐL-339HỘ KINH DOANH MAI VĂN TỈNH,Đại lý thứ 2,CỬA HÀNG BÁN LẺ LPG CHAI GAS NGỌC PHÁN,Tỉnh Bình Phước,Huyện Chơn Thành,"Tổ 8,Ấp 1, Xã Minh Hưng",salesbd,Có hiệu lực
339,HỘ KINH DOANH TIẾN NHẬT,ĐL-340HỘ KINH DOANH TIẾN NHẬT,Đại lý thứ 2,CỬA HÀNG GAS PHƯỚC HƯNG,Tỉnh Bình Dương,Thị xã Bến Cát,"Thửa đất số 3782, Tờ bản đồ số 63, Tổ 8, Khu phố 4, Phường Mỹ Phước",salesbd,Có hiệu lực
340,HỘ KINH DOANH TUYẾT TRINH,ĐL-341HỘ KINH DOANH TUYẾT TRINH,Đại lý thứ 2,CỬA HÀNG GAS PHƯỚC HƯNG,Tỉnh Bình Phước,Huyện Chơn Thành,"Tổ 11, Ấp A3 , Xã Minh Hưng",salesbd,Có hiệu lực
341,NGUYỄN THỊ THẢO,ĐL-342NGUYỄN THỊ THẢO,Đại lý tổng,,Tỉnh Bình Dương,Thành phố Thuận An,"Khu phố Bình Phú,P. Bình Chuẩn",salesbd,Có hiệu lực
342,THCS  NGUYỄN THÁI BÌNH,ĐL-343THCS  NGUYỄN THÁI BÌNH,Đại lý thứ 2,CỬA HÀNG BÁN LẺ LPG CHAI MẠNH ĐẠT,Tỉnh Tiền Giang,Thành phố Mỹ Tho,"Thửa 189, Khu phố 1, Phường 6",salesbd,Có hiệu lực
343,TRƯỜNG TIỂU HỌC BÌNH CHUẨN,ĐL-344TRƯỜNG TIỂU HỌC BÌNH CHUẨN,Đại lý thứ 2,CÔNG TY TNHH THƯƠNG MẠI DỊCH VỤ VIỆT HƯNG,Tỉnh Bình Dương,Thành phố Thuận An,"Kp 1B, Phường Bình Chuẩn",saleshcm,Có hiệu lực
344,TRƯỜNG TRUNG HỌC CƠ SỞ NGUYỄN VĂN TRỖI,ĐL-345TRƯỜNG TRUNG HỌC CƠ SỞ NGUYỄN VĂN TRỖI,Đại lý thứ 2,CỬA HÀNG BÁN LẺ LPG CHAI MẠNH ĐẠT,Tỉnh Bình Dương,Thành phố Thuận An,"KP Bình Đức 1, Phường Bình Hòa",salesbd,Có hiệu lực
345,CÔNG TY TNHH CƠ KHÍ MINH GIA PHÁT,ĐL-359CÔNG TY TNHH CƠ KHÍ MINH GIA PHÁT,Đại lý thứ 2,,Tỉnh Bình Dương,Thị xã Bến Cát,"Thửa đất số 144, Tờ bản đồ số 31, Đường H26, Tổ 11, Khu phố 4, Phường Thới Hòa",salesbd,Có hiệu lực
346,CÔNG TY TNHH GLOBAL CASES VIỆT NAM,ĐL-349CÔNG TY TNHH GLOBAL CASES VIỆT NAM,Đại lý thứ 2,CỬA HÀNG BÁN LẺ LPG CHAI MẠNH ĐẠT,Tỉnh Bình Dương,Thị xã Tân Uyên,"Lô F7, F8, đường N4, Khu công nghiệp Nam Tân Uyên, Phường Khánh Bình",salesbd,Có hiệu lực
347,CÔNG TY TNHH KHÍ HÓA LỎNG GAS VIỆT,ĐL-350CÔNG TY TNHH KHÍ HÓA LỎNG GAS VIỆT,Đại lý thứ 2,CÔNG TY TNHH MTV DẦU KHÍ PHƯƠNG NAM,Thành phố Hồ Chí Minh,Quận Bình Thạnh,"Số 259, Đường Nguyễn Thượng Hiền, Phường 6",salesbd,Có hiệu lực
348,CÔNG TY TNHH MTV DẦU KHÍ PHƯƠNG NAM,ĐL-353CÔNG TY TNHH MTV DẦU KHÍ PHƯƠNG NAM,Đại lý tổng,,Thành phố Hồ Chí Minh,Quận 12,"175M/7 Đường Hà Chương, Tổ 18, Khu phố 6, Phường Trung Mỹ Tây,",saleshcm,Có hiệu lực
349,CÔNG TY TNHH TMDV NGỌC NGÂN PHÁT,ĐL-357CÔNG TY TNHH TMDV NGỌC NGÂN PHÁT,Đại lý thứ 2,CỬA HÀNG BÁN LẺ LPG CHAI MẠNH ĐẠT,Thành phố Hồ Chí Minh,Huyện Bình Chánh,"C6/8K Tổ 8, ấp 3, Đường Nguyễn Thị Sưa, Xã Vĩnh Lộc A",salesbd,Có hiệu lực
350,CÔNG TY TNHH THƯƠNG MẠI DỊCH VỤ DẦU KHÍ AN TÂM NGỌC ANH,ĐL-354CÔNG TY TNHH THƯƠNG MẠI DỊCH VỤ DẦU KHÍ AN TÂM NGỌC ANH,Đại lý tổng,,Thành phố Hồ Chí Minh,Huyện Hóc Môn,"33/1 ấp Đông Lân, Xã Bà Điểm",saleshcm,Có hiệu lực
351,CHI NHÁNH 2 CÔNG TY TNHH MTV DẦU KHÍ PHƯƠNG NAM,ĐL-358CHI NHÁNH 2 CÔNG TY TNHH MTV DẦU KHÍ PHƯƠNG NAM,Đại lý thứ 2,TRƯỜNG TRUNG HỌC CƠ SỞ NGUYỄN VĂN TRỖI,Thành phố Hồ Chí Minh,Quận 12,"93 Đường Hà Chương, Tổ 18, Khu phố 6 - phường Trung Mỹ Tây ",saleshcm,Có hiệu lực
352,HỘ KINH DOANH GA HỒNG NGỌC,ĐL-348HỘ KINH DOANH GA HỒNG NGỌC,Đại lý tổng,,Thành phố Hồ Chí Minh,Thành phố Thủ Đức,"40A Võ Văn Hát ,Phường Long Trường",saleshcm,Có hiệu lực
353,HỘ KINH DOANH GAS AN TOÀN 2 DEN,ĐL-355HỘ KINH DOANH GAS AN TOÀN 2 DEN,Đại lý thứ 2,CÔNG TY TNHH MTV DẦU KHÍ PHƯƠNG NAM,Thành phố Hồ Chí Minh,Huyện Củ Chi,"Số 1574,Tỉnh Lộ 15,Ấp Phú Trung,Xã An Phú",salesbd,Có hiệu lực
354,HỘ KINH DOANH LIÊN QUANG,ĐL-351HỘ KINH DOANH LIÊN QUANG,Đại lý tổng,,Thành phố Hồ Chí Minh,Quận Bình Thạnh,"34 Nơ Trang Long,Phường 14 ",saleshcm,Có hiệu lực
355,HỘ KINH DOANH PHƯƠNG OANH,ĐL-356HỘ KINH DOANH PHƯƠNG OANH,Đại lý tổng,,Thành phố Hồ Chí Minh,Huyện Hóc Môn,"64/5 Ấp Trung Lân ,Xã Bà Điểm",saleshcm,Có hiệu lực
356,HỘ KINH DOANH PHƯƠNG THUẬN,ĐL-352HỘ KINH DOANH PHƯƠNG THUẬN,Đại lý tổng,,Thành phố Hồ Chí Minh,Thành phố Thủ Đức,"267 Đỗ Xuân Hợp, Khu phố 4, Phường Phước Long B",saleshcm,Có hiệu lực
357,HỘ KINH DOANH QUỐC MÃO,ĐL-347HỘ KINH DOANH QUỐC MÃO,Đại lý tổng,,Thành phố Hồ Chí Minh,Huyện Nhà Bè,"6/1B Huỳnh Tấn Phát, Khu phố 5 - Thị Trấn Nhà Bè ",saleshcm,Có hiệu lực
358,NGUYỄN THỊ THIỆN,ĐL-360NGUYỄN THỊ THIỆN,Đại lý thứ 2,CỬA HÀNG GAS PHƯỚC HƯNG,Tỉnh Bà Rịa - Vũng Tàu,Thị xã Phú Mỹ,Tổ 8 - Khu Phố Mỹ Tân - Phường Mỹ Xuân,salesbd,Có hiệu lực
359,TRƯỜNG TRUNG HỌC CƠ SỞ NGUYỄN TRUNG TRỰC,ĐL-361TRƯỜNG TRUNG HỌC CƠ SỞ NGUYỄN TRUNG TRỰC,Đại lý thứ 2,CỬA HÀNG BÁN LẺ LPG CHAI MẠNH ĐẠT,Tỉnh Bình Dương,Thành phố Thuận An,"ấp Hưng Thọ, Phường Hưng Định",salesbd,Có hiệu lực
360,CÔNG TY TNHH TÂN THÁI DƯƠNG,ĐL-413TÂN THÁI DƯƠNG,Đại lý tổng,,Tỉnh Bình Phước,Thị xã Phước Long,"Số nhà 170, khu phố 1, Phường Phước Bình",salesbd,Có hiệu lực
361,HỘ KINH DOANH NGUYỄN THỊ THẢO (THẢO PHONG),ĐL-334THẢO PHONG,Đại lý tổng,,Tỉnh Bình Dương,Thị xã Tân Uyên,"Thửa đất số 583, Tờ bản đồ số 6, Tổ 5, KP. Khánh Lộc - Phường Tân Phước Khánh",salesbd,Có hiệu lực
362,CÔNG TY TNHH MỘT THÀNH VIÊN GAS TUẤN HƯNG,ĐL-401TUẤN HƯNG,Đại lý tổng,,Tỉnh Bình Dương,Thành phố Thủ Dầu Một,"48/247, Khu 8, tổ 53, đường Hoàng Hoa Thám - Phường Hiệp Thành",salesbd,Có hiệu lực
393,HỘ KINH DOANH NGUYỄN TRỌNG TÂN,ĐL-280 NGUYỄN TRỌNG TÂN (VIỆT TÂM),Đại lý thứ 2,CỬA HÀNG BÁN LẺ LPG CHAI GAS NGỌC PHÁN,Tỉnh Bình Phước,Huyện Chơn Thành,"Tổ 3, Ấp 3, xã Minh Thành",salesbd,Có hiệu lực
394,HKD THÁI HÀO,ĐL-421 THÁI HÀO (KHANG NGỌC PHƯỚC),Đại lý tổng,,Tỉnh Đồng Nai,Thành phố Biên Hòa,"Tổ 11, KP2, P.Bửu Long",salesbd,Có hiệu lực
395,HỘ KINH DOANH VINH PHÁT,ĐL-373HỘ KINH DOANH VINH PHÁT,Đại lý tổng,,Thành phố Hồ Chí Minh,Quận 12,"567/45/13 Lê Văn Khương, tổ 58, Khu Phố 7,Phường Hiệp Thành",saleshcm,Có hiệu lực
396,dummy,dummy,Đại lý tổng,,Thành phố Cần Thơ,Quận Ninh Kiều,ーーーーーーーー,,Có hiệu lực
397,HỘ KINH DOANH ĐINH HỮU TRUNG,ĐL-ĐINH HỮU TRUNG,Đại lý tổng,,Tỉnh Bình Phước,Huyện Hớn Quản,Ấp Đông Nhất. - Xã Thanh Bình,salesbd,Có hiệu lực
398,HỘ KINH DOANH PHAN GIA GAS,ĐL-411 PHAN GIA,Đại lý tổng,,Thành phố Hồ Chí Minh,Thành phố Thủ Đức,"Số 3/1, Đường số 5, Khu phố 2, Phường Bình Trưng Tây",saleshcm,Có hiệu lực
399,HỘ KINH DOANH NHÀ PP HUY CHƯƠNG,ĐL-384 HUY CHƯƠNG,Đại lý tổng,,Thành phố Hồ Chí Minh,Thành phố Thủ Đức,"891 Kha Vạn Cân, Phường Linh Tây",saleshcm,Có hiệu lực
400,CÔNG TY TNHH DẦU KHÍ CÔNG ANH,ĐL-384 CÔNG ANH,Đại lý thứ 2,HỘ KINH DOANH NHÀ PP HUY CHƯƠNG,Thành phố Hồ Chí Minh,Quận Bình Thạnh,"215/2 Nguyễn Xí, Phường 13",saleshcm,Có hiệu lực
401,CÔNG TY TNHH LPG TRUNG XUÂN,ĐL-368 TRUNG XUÂN,Đại lý tổng,,Thành phố Hồ Chí Minh,Quận Gò Vấp,"370 Nguyễn Văn Nghi, Phường 7",saleshcm,Có hiệu lực
402,HỘ KINH DOANH CỬA HÀNG GAS KHÁNH AN,ĐL-406 KHÁNH AN,Đại lý tổng,,Thành phố Hồ Chí Minh,Huyện Nhà Bè,"4/7C Huỳnh Tấn Phát, Ấp 4, Xã Phú Xuân",saleshcm,Có hiệu lực
403,HỘ KINH DOANH AN KHANG,ĐL-369 AN KHANG,Đại lý tổng,,Thành phố Hồ Chí Minh,Thành phố Thủ Đức,"Số 12 Đường 9, KP Chân Phúc Cẩm - Phường Long Thạnh Mỹ",saleshcm,Có hiệu lực
404,HỘ KINH DOANH TRẦN GIA,ĐL-404 TRẦN GIA,Đại lý tổng,,Thành phố Hồ Chí Minh,Thành phố Thủ Đức,"46, đường 12, Phường Cát Lái",saleshcm,Có hiệu lực
405,HỘ KINH DOANH NGUYỄN DUY CƯỜNG,ĐL-432 DUY CƯỜNG,Đại lý tổng,,Tỉnh Đồng Nai,Huyện Vĩnh Cửu,18 Tổ 7 kp6 - Thị trấn Vĩnh An,salesbd,Có hiệu lực
406,HỘ KINH DOANH PHƯƠNG HIẾU - BẢO TOÀN,ĐL-441 PHƯƠNG HIẾU (BẢO TOÀN),Đại lý tổng,,Thành phố Hồ Chí Minh,Thành phố Thủ Đức,"Số 3, đường 6, khu phố 3, Phường Tăng Nhơn Phú",saleshcm,Có hiệu lực
407,HỘ KINH DOANH GAS MINH TÙNG,ĐL-442 MINH TÙNG (BẢO TOÀN),Đại lý thứ 2,HỘ KINH DOANH PHƯƠNG HIẾU - BẢO TOÀN,Thành phố Hồ Chí Minh,Thành phố Thủ Đức,"Số 362, đường Hoàng Hữu Nam, Phường Long Thạnh Mỹ",saleshcm,Có hiệu lực
408,HKD CỬA HÀNG ĐIỆN GAS LÊ HOÀNG,ĐL-443 LÊ HOÀNG,Đại lý tổng,,Tỉnh Bình Dương,Thành phố Thủ Dầu Một,"203 Hồ Văn Cống, Phường Tương Bình Hiệp",salesbd,Có hiệu lực
409,HỘ KINH DOANH NGUYỄN THỊ NHÀN (GAS TRUNG HIẾU),ĐL-420 TRUNG HIẾU,Đại lý tổng,,Thành phố Hồ Chí Minh,Quận Phú Nhuận,559 Nguyễn Kiệm P.09,saleshcm,Có hiệu lực
410,GAS CƯỜNG,ĐL-444 GAS CƯỜNG,Đại lý tổng,,Thành phố Hồ Chí Minh,Thành phố Thủ Đức,525 Kha Vạn Cân Kp8 P.Hiệp Bình Chánh,saleshcm,Có hiệu lực
411,KHÁC (CQBN),CQBN,Đại lý tổng,,Thành phố Hồ Chí Minh,Huyện Bình Chánh,"B4/11, đường Quốc Lộ 1, ấp 2, xã Tân Kiên",saleshcm,Có hiệu lực
412,CHI NHÁNH CTY TNHH MTV GAS Á CHÂU,ĐL-447 GAS Á CHÂU (HỒNG NGỌC),Đại lý thứ 2,HỘ KINH DOANH GA HỒNG NGỌC,Thành phố Hồ Chí Minh,Thành phố Thủ Đức,"8A, đường số 12, Phường Long Thạnh Mỹ",saleshcm,Có hiệu lực
413,HKD GIA BẢO,ĐL-449 GIA BẢO (BD),Đại lý tổng,,Tỉnh Bình Dương,Thị xã Tân Uyên,"Thửa đất số 524, Tờ bản đồ số 33, Tổ 1, KP 6, P.Uyên Hưng",salesbd,Có hiệu lực
414,CỬA HÀNG GAS VÀ BẾP GAS THANH PHONG,ĐL-453 THANH PHONG (LONG PHƯỚC),Đại lý tổng,,Thành phố Hồ Chí Minh,Thành phố Thủ Đức,"56/77/60 Đường 8, Khu phố Phước Hậu, P.Long Phước",saleshcm,Có hiệu lực
415,Hộ Kinh Doanh Cao Thanh Học,ĐL-460 Cao Thanh Học,Đại lý tổng,,Thành phố Hồ Chí Minh,Huyện Củ Chi,"Số 2015, Tỉnh lộ 15, ấp Phú Hiệp, xã Phú Mỹ Hưng",salesbd,Có hiệu lực
416,CÔNG TY TNHH MTV THƯƠNG MẠI DỊCH VỤ GAS TẤN PHONG,ĐL-462 TẤN PHONG,Đại lý tổng,,Tỉnh Đồng Nai,Huyện Long Thành,"Tổ 2, ấp An Viễng, Xã Bình An",salesbd,Có hiệu lực
417,HKD GAZ CHÁNH,ĐL-470 GAS CHÁNH,Đại lý tổng,,Thành phố Hồ Chí Minh,Quận 11,36 Tân Hóa P.01 - Phường 1,saleshcm,Có hiệu lực
418,HKD GAS BAN MAI,ĐL-513 BAN MAI,Đại lý thứ 2,HỘ KINH DOANH NHÀ PP HUY CHƯƠNG,Thành phố Hồ Chí Minh,Huyện Bình Chánh,"D20/25A Võ Văn Vân, ấp 4A - Xã Vĩnh Lộc B",saleshcm,Có hiệu lực
419,HKD RẠNG ĐÔNG,ĐL-471 RẠNG ĐÔNG,Đại lý tổng,,Thành phố Hồ Chí Minh,Quận 8,"421 Tùng Thiện Vương, P.12",saleshcm,Có hiệu lực
420,CÔNG TY TNHH MỘT THÀNH VIÊN THANH THÀNH CÔNG,ĐL-478 THÀNH CÔNG,Đại lý tổng,,Tỉnh Bình Phước,Huyện Hớn Quản,"Tổ 9, ấp 2 - Thị trấn Tân Khai",salesbd,Có hiệu lực
421,CÔNG TY TNHH TM DV ÁNH PHA LÊ,ĐL-479 ÁNH PHA LÊ,Đại lý tổng,,Tỉnh Đồng Nai,Huyện Nhơn Trạch,"Đường Hùng Vương, ấp Bến Đình - Xã Phú Đông",salesbd,Có hiệu lực
422,HỘ KINH DOANH ĐẠT THÀNH,ĐL-480 ĐẠT THÀNH,Đại lý tổng,,Thành phố Hồ Chí Minh,Thành phố Thủ Đức,"18 Lã Xuân Oai, KP7, Phường Tăng Nhơn Phú A",saleshcm,Có hiệu lực
423,CÔNG TY TRÁCH NHIỆM HỮU HẠN KHANG NGỌC PHƯỚC,KHANG NGỌC PHƯỚC,Đại lý tổng,,Tỉnh Đồng Nai,Thành phố Biên Hòa,"Số 163/240 Cách Mạng Tháng 8, Phường Hòa Bình",salesbd,Có hiệu lực
424,HKD GAS VIỆT THỦ ĐỨC,ĐL-482 GAS VIỆT THỦ ĐỨC,Đại lý tổng,,Thành phố Hồ Chí Minh,Thành phố Thủ Đức,"8A Đường 12, P.Long Thạnh Mỹ",saleshcm,Có hiệu lực
425,Ánh Pha Lê,Ánh Pha Lê,Đại lý tổng,,Tỉnh Đồng Nai,Huyện Nhơn Trạch,"Đường Hùng Vương, ấp Bến Đình - Xã Phú Đông",salesbd,Có hiệu lực
426,Cao Thanh Học,Cao Thanh Học,Đại lý tổng,,Thành phố Hồ Chí Minh,Huyện Củ Chi,"Số 2015, Tỉnh lộ 15, ấp Phú Hiệp, xã Phú Mỹ Hưng",salesbd,Có hiệu lực
427,ĐL-188CỬA HÀNG GAS ĐÔNG THÀNH,ĐL-188CỬA HÀNG GAS ĐÔNG THÀNH,Đại lý tổng,,Tỉnh Bình Dương,Thành phố Thuận An,"ô102 lô DC14, KDC Vietsing, Kp4, Phường An Phú",salesbd,Có hiệu lực
428,LÊ HOÀNG,LÊ HOÀNG,Đại lý tổng,,Tỉnh Bình Dương,Thành phố Thủ Dầu Một,"203 Hồ Văn Cống, Phường Tương Bình Hiệp",salesbd,Có hiệu lực
429,ĐL-094CỬA HÀNG BÁN LẺ LPG CHAI ĐÔNG THÀNH,ĐL-094CỬA HÀNG BÁN LẺ LPG CHAI ĐÔNG THÀNH,Đại lý tổng,,Tỉnh Bình Dương,Thị xã Bến Cát,"Đường D12 ấp 6, Thới Hòa",salesbd,Có hiệu lực
430,ĐL-040Cửa Hàng Bán Lẻ LPG Chai Đông Thành MP,ĐL-040Cửa Hàng Bán Lẻ LPG Chai Đông Thành MP,Đại lý tổng,,Tỉnh Bình Dương,Thị xã Bến Cát,"Đất của ông Trương Công Trung, đường DB8, KP3",salesbd,Có hiệu lực
431,KHANG NGỌC PHƯỚC,KHANG NGỌC PHƯỚC,Đại lý tổng,,Tỉnh Đồng Nai,Thành phố Biên Hòa,"Tổ 11, KP2, P.Bửu Long",salesbd,Có hiệu lực
432,GIA BẢO (BD),GIA BẢO (BD),Đại lý tổng,,Tỉnh Bình Dương,Thị xã Tân Uyên,"Thửa đất số 524, Tờ bản đồ số 33, Tổ 1, KP 6, P.Uyên Hưng",salesbd,Có hiệu lực
433,ĐL-047Cửa Hàng Bán Lẻ LPG Chai Thuận Thành ,ĐL-047Cửa Hàng Bán Lẻ LPG Chai Thuận Thành ,Đại lý tổng,,Tỉnh Bình Dương,Thị xã Bến Cát,"Đường DJ10 Khu Phố 3B, - Phường Thới Hòa",salesbd,Có hiệu lực
434,Thanh Thành Công,Thanh Thành Công,Đại lý tổng,,Tỉnh Bình Phước,Huyện Hớn Quản,"Tổ 9, ấp 2 - Thị trấn Tân Khai",salesbd,Có hiệu lực
